participant_id,seg_id,qtype,start_s,end_s
daic_303,daic_303_seg0003,0,63.396,77.626
daic_303,daic_303_seg0004,0,83.006,96.466
daic_303,daic_303_seg0005,5,100.346,107.136
daic_303,daic_303_seg0007,5,118.216,143.306
daic_303,daic_303_seg0009,8,148.596,167.066
daic_303,daic_303_seg0012,8,180.696,188.076
daic_303,daic_303_seg0013,0,194.376,205.956
daic_303,daic_303_seg0014,8,209.186,235.606
daic_303,daic_303_seg0015,8,240.566,250.296
daic_303,daic_303_seg0016,8,257.896,279.706
daic_303,daic_303_seg0019,0,291.596,306.586
daic_303,daic_303_seg0020,8,311.866,343.856
daic_303,daic_303_seg0021,2,347.426,354.696
daic_303,daic_303_seg0022,8,356.156,368.166
daic_303,daic_303_seg0024,0,376.376,385.946
daic_303,daic_303_seg0025,8,386.676,410.386
daic_303,daic_303_seg0026,8,419.696,422.736
daic_303,daic_303_seg0027,8,428.976,439.286
daic_303,daic_303_seg0028,8,439.796,459.386
daic_303,daic_303_seg0030,8,465.436,509.496
daic_303,daic_303_seg0032,8,517.656,577.656
daic_303,daic_303_seg0033,0,582.756,606.146
daic_303,daic_303_seg0035,8,618.846,661.706
daic_303,daic_303_seg0036,8,664.236,668.006
daic_303,daic_303_seg0038,8,671.316,682.886
daic_303,daic_303_seg0039,8,683.386,703.456
daic_303,daic_303_seg0040,8,704.066,719.316
daic_303,daic_303_seg0041,8,723.636,740.456
daic_303,daic_303_seg0042,8,742.896,746.836
daic_303,daic_303_seg0043,4,756.786,795.456
daic_303,daic_303_seg0044,8,800.386,812.076
daic_303,daic_303_seg0045,4,816.806,831.066
daic_303,daic_303_seg0046,8,836.886,847.636
daic_303,daic_303_seg0049,8,868.486,899.316
daic_303,daic_303_seg0050,8,900.936,913.586
daic_303,daic_303_seg0052,3,922.196,937.506
daic_303,daic_303_seg0053,8,938.046,942.366
daic_304,daic_304_seg0002,0,74.52,80.47
daic_304,daic_304_seg0010,8,118.92,126.2
daic_304,daic_304_seg0013,2,149.81,153.7
daic_304,daic_304_seg0014,8,160.87,164.83
daic_304,daic_304_seg0017,8,173.07,180.26
daic_304,daic_304_seg0018,8,186.58,198.73
daic_304,daic_304_seg0020,8,207.42,230.52
daic_304,daic_304_seg0022,8,236.7,244.67
daic_304,daic_304_seg0024,0,253.8,264.64
daic_304,daic_304_seg0025,8,269.24,276.63
daic_304,daic_304_seg0028,8,293.23,300.87
daic_304,daic_304_seg0030,8,316.71,321.87
daic_304,daic_304_seg0031,8,322.81,330.41
daic_304,daic_304_seg0032,8,334.34,345.65
daic_304,daic_304_seg0033,8,349.27,379.56
daic_304,daic_304_seg0034,8,379.99,397.21
daic_304,daic_304_seg0035,8,399.48,405.12
daic_304,daic_304_seg0037,8,414.79,422.31
daic_304,daic_304_seg0038,8,428.54,455.82
daic_304,daic_304_seg0040,8,464.6,474.3
daic_304,daic_304_seg0042,8,478.75,482.58
daic_304,daic_304_seg0044,8,491.33,505.4
daic_304,daic_304_seg0046,8,509.11,517.55
daic_304,daic_304_seg0048,4,528.35,532.16
daic_304,daic_304_seg0049,4,536.45,542.35
daic_304,daic_304_seg0053,8,559.36,563.77
daic_304,daic_304_seg0059,8,592.63,598.59
daic_304,daic_304_seg0061,8,606.36,613.98
daic_304,daic_304_seg0062,0,623.9,629.89
daic_304,daic_304_seg0063,8,630.26,658.87
daic_304,daic_304_seg0064,8,666.49,670.7
daic_304,daic_304_seg0066,3,679.3,682.46
daic_304,daic_304_seg0067,8,688.05,704.2
daic_304,daic_304_seg0068,8,707.09,710.45
daic_304,daic_304_seg0070,8,719.74,730.84
daic_305,daic_305_seg0001,1,58.945,63.145
daic_305,daic_305_seg0003,8,73.065,86.055
daic_305,daic_305_seg0005,8,96.745,101.425
daic_305,daic_305_seg0007,8,109.225,112.645
daic_305,daic_305_seg0008,8,114.945,125.465
daic_305,daic_305_seg0010,8,137.995,197.995
daic_305,daic_305_seg0011,8,198.755,214.965
daic_305,daic_305_seg0012,5,222.385,229.145
daic_305,daic_305_seg0015,8,235.685,261.015
daic_305,daic_305_seg0017,8,270.305,283.005
daic_305,daic_305_seg0018,8,283.895,305.995
daic_305,daic_305_seg0019,8,306.985,336.085
daic_305,daic_305_seg0020,0,343.235,367.315
daic_305,daic_305_seg0021,8,368.395,390.815
daic_305,daic_305_seg0022,8,393.215,397.395
daic_305,daic_305_seg0023,0,403.375,423.685
daic_305,daic_305_seg0026,8,430.175,450.505
daic_305,daic_305_seg0027,8,451.685,459.485
daic_305,daic_305_seg0030,8,469.895,504.435
daic_305,daic_305_seg0031,8,508.455,513.385
daic_305,daic_305_seg0032,8,520.745,533.745
daic_305,daic_305_seg0033,8,534.415,556.245
daic_305,daic_305_seg0035,8,565.445,599.865
daic_305,daic_305_seg0036,8,600.725,628.475
daic_305,daic_305_seg0038,0,637.805,697.805
daic_305,daic_305_seg0039,8,710.865,719.435
daic_305,daic_305_seg0040,8,724.545,743.925
daic_305,daic_305_seg0043,2,755.965,812.545
daic_305,daic_305_seg0045,8,823.155,828.055
daic_305,daic_305_seg0046,8,829.945,846.425
daic_305,daic_305_seg0047,4,854.155,890.275
daic_305,daic_305_seg0048,8,890.885,905.575
daic_305,daic_305_seg0049,8,909.795,913.925
daic_305,daic_305_seg0050,4,917.245,941.025
daic_305,daic_305_seg0051,8,941.915,985.175
daic_305,daic_305_seg0053,8,991.995,1035.475
daic_305,daic_305_seg0054,8,1036.065,1051.035
daic_305,daic_305_seg0055,8,1058.165,1064.245
daic_305,daic_305_seg0056,8,1066.425,1121.975
daic_305,daic_305_seg0057,8,1122.515,1166.145
daic_305,daic_305_seg0060,7,1185.905,1197.175
daic_305,daic_305_seg0063,8,1214.705,1232.625
daic_305,daic_305_seg0064,8,1233.215,1293.215
daic_305,daic_305_seg0065,8,1304.385,1329.425
daic_305,daic_305_seg0066,8,1330.985,1348.815
daic_305,daic_305_seg0067,8,1349.535,1357.895
daic_305,daic_305_seg0069,0,1370.445,1417.105
daic_305,daic_305_seg0072,8,1428.455,1488.455
daic_305,daic_305_seg0075,7,1501.245,1521.775
daic_305,daic_305_seg0076,8,1523.865,1538.385
daic_305,daic_305_seg0077,8,1539.235,1542.245
daic_305,daic_305_seg0079,8,1555.115,1578.965
daic_305,daic_305_seg0080,8,1579.605,1597.055
daic_305,daic_305_seg0083,8,1608.645,1656.095
daic_305,daic_305_seg0084,8,1657.765,1666.555
daic_312,daic_312_seg0004,0,91.25,97.89
daic_312,daic_312_seg0005,0,103.15,106.88
daic_312,daic_312_seg0008,8,120.37,129.33
daic_312,daic_312_seg0009,8,133.9,137.74
daic_312,daic_312_seg0010,5,141.31,147.23
daic_312,daic_312_seg0012,8,156.24,165.52
daic_312,daic_312_seg0014,5,171.79,179.29
daic_312,daic_312_seg0016,8,190.19,208.49
daic_312,daic_312_seg0019,8,230.12,246.55
daic_312,daic_312_seg0020,2,253.36,274.8
daic_312,daic_312_seg0023,8,285.57,292.51
daic_312,daic_312_seg0024,8,298.51,303.8
daic_312,daic_312_seg0025,8,309.99,318.36
daic_312,daic_312_seg0026,0,325.98,339.11
daic_312,daic_312_seg0027,8,348.31,384.32
daic_312,daic_312_seg0029,8,393.97,397.87
daic_312,daic_312_seg0030,8,405.29,432.58
daic_312,daic_312_seg0031,0,441.88,456.2
daic_312,daic_312_seg0033,8,467.32,479.55
daic_312,daic_312_seg0034,8,482.0,519.27
daic_312,daic_312_seg0036,3,531.67,536.1
daic_312,daic_312_seg0038,8,543.0,546.74
daic_312,daic_312_seg0039,8,551.48,560.49
daic_312,daic_312_seg0040,8,564.42,574.73
daic_312,daic_312_seg0042,8,584.63,591.33
daic_312,daic_312_seg0043,8,595.48,598.73
daic_312,daic_312_seg0046,4,612.17,622.55
daic_312,daic_312_seg0050,4,636.45,643.34
daic_312,daic_312_seg0052,8,654.49,669.09
daic_312,daic_312_seg0053,8,677.38,685.63
daic_312,daic_312_seg0054,8,690.34,695.6
daic_312,daic_312_seg0056,8,706.93,713.73
daic_312,daic_312_seg0058,8,734.15,753.13
daic_313,daic_313_seg0001,0,80.99,86.15
daic_313,daic_313_seg0006,0,120.01,129.095
daic_313,daic_313_seg0007,0,131.67,140.17
daic_313,daic_313_seg0009,0,155.465,177.54
daic_313,daic_313_seg0010,8,182.925,191.33
daic_313,daic_313_seg0011,8,196.825,205.82
daic_313,daic_313_seg0014,0,217.13,221.02
daic_313,daic_313_seg0015,8,227.36,234.705
daic_313,daic_313_seg0016,8,239.915,243.48
daic_313,daic_313_seg0017,0,251.01,260.33
daic_313,daic_313_seg0019,8,271.235,279.94
daic_313,daic_313_seg0020,5,286.26,290.135
daic_313,daic_313_seg0023,5,303.795,316.32
daic_313,daic_313_seg0024,8,325.01,329.93
daic_313,daic_313_seg0025,8,337.6,351.26
daic_313,daic_313_seg0026,8,355.275,359.915
daic_313,daic_313_seg0027,8,364.81,376.88
daic_313,daic_313_seg0029,8,394.52,414.03
daic_313,daic_313_seg0031,3,423.18,433.14
daic_313,daic_313_seg0032,8,437.585,442.975
daic_313,daic_313_seg0033,8,455.97,473.94
daic_313,daic_313_seg0035,7,483.79,496.585
daic_313,daic_313_seg0036,8,501.905,515.2
daic_313,daic_313_seg0038,8,524.45,537.53
daic_313,daic_313_seg0039,8,539.7,542.79
daic_313,daic_313_seg0040,8,547.06,563.67
daic_313,daic_313_seg0041,0,574.5,578.26
daic_313,daic_313_seg0043,8,588.345,594.105
daic_313,daic_313_seg0044,8,601.265,612.065
daic_313,daic_313_seg0046,8,625.315,635.39
daic_313,daic_313_seg0047,8,643.845,655.16
daic_313,daic_313_seg0048,8,663.74,685.37
daic_313,daic_313_seg0049,8,694.19,710.945
daic_315,daic_315_seg0006,8,104.885,108.16
daic_315,daic_315_seg0007,8,110.73,114.49
daic_315,daic_315_seg0009,8,129.36,139.47
daic_315,daic_315_seg0011,8,146.12,155.92
daic_315,daic_315_seg0012,8,160.96,182.805
daic_315,daic_315_seg0014,0,198.357,212.315
daic_315,daic_315_seg0015,8,217.985,232.08
daic_315,daic_315_seg0016,0,238.775,245.065
daic_315,daic_315_seg0017,8,251.075,282.085
daic_315,daic_315_seg0018,8,289.95,304.857
daic_315,daic_315_seg0019,8,311.515,314.8
daic_315,daic_315_seg0020,8,318.815,327.705
daic_315,daic_315_seg0021,8,333.315,336.76
daic_315,daic_315_seg0022,0,341.13,350.79
daic_315,daic_315_seg0023,0,357.98,363.41
daic_315,daic_315_seg0024,2,370.29,374.87
daic_315,daic_315_seg0025,0,379.9,429.51
daic_315,daic_315_seg0026,0,438.135,464.012
daic_315,daic_315_seg0027,5,470.09,490.95
daic_315,daic_315_seg0033,4,517.23,520.37
daic_315,daic_315_seg0034,8,524.695,529.685
daic_315,daic_315_seg0037,8,551.835,564.177
daic_315,daic_315_seg0038,8,568.735,575.185
daic_315,daic_315_seg0040,8,582.74,591.85
daic_315,daic_315_seg0041,8,599.97,623.935
daic_315,daic_315_seg0042,8,628.71,647.775
daic_315,daic_315_seg0043,0,655.015,664.995
daic_315,daic_315_seg0044,8,667.895,698.085
daic_315,daic_315_seg0045,0,703.925,714.92
daic_315,daic_315_seg0046,8,719.195,729.125
daic_315,daic_315_seg0047,8,734.95,752.12
daic_315,daic_315_seg0048,8,759.28,777.405
daic_315,daic_315_seg0049,8,783.82,803.805
daic_315,daic_315_seg0050,8,812.175,818.475
daic_315,daic_315_seg0052,8,827.98,852.91
daic_315,daic_315_seg0053,0,863.56,885.32
daic_315,daic_315_seg0054,8,892.765,923.315
daic_315,daic_315_seg0055,3,931.03,942.01
daic_316,daic_316_seg0004,8,81.29,87.35
daic_316,daic_316_seg0006,8,95.61,102.53
daic_316,daic_316_seg0008,0,120.71,125.24
daic_316,daic_316_seg0009,0,133.9,148.9
daic_316,daic_316_seg0010,8,154.97,164.12
daic_316,daic_316_seg0013,5,187.39,192.44
daic_316,daic_316_seg0014,8,197.02,200.25
daic_316,daic_316_seg0017,8,216.93,225.61
daic_316,daic_316_seg0018,0,235.37,238.39
daic_316,daic_316_seg0020,8,259.3,266.42
daic_316,daic_316_seg0021,8,278.68,282.01
daic_316,daic_316_seg0022,8,292.32,303.54
daic_316,daic_316_seg0023,0,311.41,316.12
daic_316,daic_316_seg0027,8,338.41,344.48
daic_316,daic_316_seg0028,8,353.88,357.87
daic_316,daic_316_seg0029,8,360.43,369.79
daic_316,daic_316_seg0035,8,405.36,411.04
daic_316,daic_316_seg0039,8,426.96,438.58
daic_316,daic_316_seg0041,0,449.73,457.12
daic_316,daic_316_seg0042,8,458.74,474.27
daic_316,daic_316_seg0045,8,504.1,519.59
daic_316,daic_316_seg0047,7,532.11,537.91
daic_316,daic_316_seg0051,3,562.23,574.11
daic_316,daic_316_seg0052,8,584.27,588.03
daic_316,daic_316_seg0053,0,605.68,617.87
daic_316,daic_316_seg0054,8,620.75,626.38
daic_316,daic_316_seg0056,8,638.66,644.72
daic_316,daic_316_seg0058,0,674.64,678.28
daic_316,daic_316_seg0059,8,689.53,701.75
daic_316,daic_316_seg0061,0,728.63,732.41
daic_316,daic_316_seg0066,8,767.44,778.97
daic_316,daic_316_seg0069,8,801.73,808.25
daic_316,daic_316_seg0071,0,820.18,825.87
daic_317,daic_317_seg0003,8,77.38,83.849
daic_317,daic_317_seg0005,8,96.309,104.259
daic_317,daic_317_seg0006,8,108.1,114.25
daic_317,daic_317_seg0007,0,120.42,129.75
daic_317,daic_317_seg0008,0,136.64,144.8
daic_317,daic_317_seg0010,8,157.75,164.72
daic_317,daic_317_seg0013,8,181.54,185.21
daic_317,daic_317_seg0014,8,189.15,199.96
daic_317,daic_317_seg0015,8,204.29,217.26
daic_317,daic_317_seg0016,8,226.05,238.9
daic_317,daic_317_seg0018,8,245.73,250.49
daic_317,daic_317_seg0019,8,253.51,258.83
daic_317,daic_317_seg0020,0,265.3,269.47
daic_317,daic_317_seg0021,0,275.4,285.5
daic_317,daic_317_seg0022,8,290.59,299.78
daic_317,daic_317_seg0024,8,312.76,317.28
daic_317,daic_317_seg0025,8,324.03,328.89
daic_317,daic_317_seg0026,8,337.46,340.64
daic_317,daic_317_seg0028,5,349.71,372.62
daic_317,daic_317_seg0032,7,393.26,396.26
daic_317,daic_317_seg0033,8,401.7,410.61
daic_317,daic_317_seg0036,7,426.43,433.761
daic_317,daic_317_seg0038,3,442.61,455.928
daic_317,daic_317_seg0039,8,457.878,468.658
daic_317,daic_317_seg0041,8,489.37,498.0
daic_317,daic_317_seg0042,8,506.23,516.433
daic_317,daic_317_seg0043,0,525.92,534.522
daic_317,daic_317_seg0044,8,539.56,545.18
daic_317,daic_317_seg0046,0,560.14,564.46
daic_317,daic_317_seg0047,8,574.625,585.805
daic_317,daic_317_seg0048,0,593.388,599.988
daic_317,daic_317_seg0049,3,609.973,617.4
daic_317,daic_317_seg0050,8,622.29,634.251
daic_317,daic_317_seg0051,8,640.061,651.38
daic_317,daic_317_seg0052,8,660.69,669.27
daic_317,daic_317_seg0053,8,679.89,689.48
daic_317,daic_317_seg0054,8,698.75,703.08
daic_317,daic_317_seg0055,8,707.83,711.55
daic_317,daic_317_seg0057,8,731.764,743.534
daic_317,daic_317_seg0059,4,753.74,756.95
daic_318,daic_318_seg0004,0,53.02,57.92
daic_318,daic_318_seg0005,0,62.56,66.22
daic_318,daic_318_seg0007,8,77.91,81.75
daic_318,daic_318_seg0008,5,84.91,94.11
daic_318,daic_318_seg0011,8,107.98,113.25
daic_318,daic_318_seg0013,0,126.86,135.96
daic_318,daic_318_seg0014,8,142.83,147.66
daic_318,daic_318_seg0016,8,160.2,167.67
daic_318,daic_318_seg0017,8,174.05,177.39
daic_318,daic_318_seg0018,8,180.68,186.52
daic_318,daic_318_seg0019,8,191.81,201.71
daic_318,daic_318_seg0021,8,213.6,221.69
daic_318,daic_318_seg0027,4,249.72,258.02
daic_318,daic_318_seg0028,8,259.45,263.77
daic_318,daic_318_seg0029,4,270.73,275.88
daic_318,daic_318_seg0032,8,297.79,301.79
daic_318,daic_318_seg0034,8,312.8,333.28
daic_318,daic_318_seg0035,8,339.19,343.01
daic_318,daic_318_seg0038,0,370.61,381.49
daic_318,daic_318_seg0039,8,385.96,406.66
daic_318,daic_318_seg0040,8,407.6,415.04
daic_318,daic_318_seg0041,0,425.76,439.4
daic_318,daic_318_seg0042,8,450.19,492.01
daic_318,daic_318_seg0043,8,504.87,512.95
daic_319,daic_319_seg0003,0,89.85,100.56
daic_319,daic_319_seg0004,8,103.74,107.19
daic_319,daic_319_seg0005,0,112.1,115.3
daic_319,daic_319_seg0007,5,128.64,137.55
daic_319,daic_319_seg0008,8,139.56,144.02
daic_319,daic_319_seg0009,8,147.49,150.6
daic_319,daic_319_seg0011,5,155.97,159.19
daic_319,daic_319_seg0012,0,170.07,182.2
daic_319,daic_319_seg0014,8,191.41,198.58
daic_319,daic_319_seg0015,0,202.81,216.04
daic_319,daic_319_seg0017,8,230.62,234.94
daic_319,daic_319_seg0018,8,241.02,250.8
daic_319,daic_319_seg0019,8,259.98,266.27
daic_319,daic_319_seg0020,0,271.35,279.06
daic_319,daic_319_seg0021,0,283.29,290.32
daic_319,daic_319_seg0024,8,308.87,314.19
daic_319,daic_319_seg0026,8,320.59,326.57
daic_319,daic_319_seg0027,8,334.07,337.81
daic_319,daic_319_seg0029,8,344.83,349.09
daic_319,daic_319_seg0035,8,374.58,379.72
daic_319,daic_319_seg0036,0,384.57,387.7
daic_319,daic_319_seg0037,8,391.62,406.09
daic_319,daic_319_seg0041,8,431.13,443.43
daic_319,daic_319_seg0042,7,449.59,457.43
daic_319,daic_319_seg0045,3,477.55,485.15
daic_319,daic_319_seg0046,8,489.15,501.19
daic_319,daic_319_seg0047,0,508.97,532.6
daic_319,daic_319_seg0049,8,540.64,549.62
daic_319,daic_319_seg0051,8,565.14,575.03
daic_319,daic_319_seg0052,0,586.4,598.56
daic_319,daic_319_seg0053,8,605.15,616.62
daic_321,daic_321_seg0007,8,91.275,101.065
daic_321,daic_321_seg0008,8,106.85,115.02
daic_321,daic_321_seg0009,0,120.835,131.01
daic_321,daic_321_seg0010,0,137.995,141.545
daic_321,daic_321_seg0011,8,141.955,150.955
daic_321,daic_321_seg0015,8,173.695,178.68
daic_321,daic_321_seg0017,5,186.41,190.66
daic_321,daic_321_seg0020,8,201.515,223.795
daic_321,daic_321_seg0022,0,237.11,247.065
daic_321,daic_321_seg0023,0,253.33,261.35
daic_321,daic_321_seg0024,8,267.425,286.7
daic_321,daic_321_seg0027,0,299.195,314.972
daic_321,daic_321_seg0031,3,334.17,338.98
daic_321,daic_321_seg0032,8,344.875,354.995
daic_321,daic_321_seg0037,8,378.75,401.84
daic_321,daic_321_seg0038,0,408.67,412.265
daic_321,daic_321_seg0039,3,414.09,417.14
daic_321,daic_321_seg0041,4,425.095,441.27
daic_321,daic_321_seg0042,4,446.695,449.87
daic_321,daic_321_seg0043,8,453.585,460.425
daic_321,daic_321_seg0052,7,506.435,527.205
daic_321,daic_321_seg0056,8,548.78,554.52
daic_321,daic_321_seg0058,0,568.575,572.295
daic_321,daic_321_seg0059,8,575.895,595.74
daic_321,daic_321_seg0063,0,634.13,638.87
daic_321,daic_321_seg0064,8,644.715,649.25
daic_321,daic_321_seg0069,8,690.165,702.52
daic_321,daic_321_seg0072,0,722.07,726.76
daic_321,daic_321_seg0074,0,746.555,756.51
daic_322,daic_322_seg0009,8,106.767,116.397
daic_322,daic_322_seg0011,8,124.507,145.1
daic_322,daic_322_seg0013,8,152.84,205.0
daic_322,daic_322_seg0014,8,212.2,220.0
daic_322,daic_322_seg0016,5,231.2,235.98
daic_322,daic_322_seg0017,5,239.48,243.54
daic_322,daic_322_seg0018,8,248.16,284.645
daic_322,daic_322_seg0019,0,293.815,307.895
daic_322,daic_322_seg0020,0,313.815,321.495
daic_322,daic_322_seg0021,8,331.485,369.89
daic_322,daic_322_seg0022,2,374.907,381.35
daic_322,daic_322_seg0023,8,384.785,416.89
daic_322,daic_322_seg0034,8,475.92,494.07
daic_322,daic_322_seg0036,8,505.027,523.205
daic_322,daic_322_seg0040,8,535.74,544.015
daic_322,daic_322_seg0041,8,551.835,570.12
daic_322,daic_322_seg0042,4,577.89,589.21
daic_322,daic_322_seg0045,4,604.46,623.195
daic_322,daic_322_seg0048,8,640.995,663.105
daic_322,daic_322_seg0049,8,671.211,687.332
daic_322,daic_322_seg0050,8,696.261,703.994
daic_322,daic_322_seg0051,8,708.579,746.781
daic_322,daic_322_seg0053,0,766.959,783.572
daic_322,daic_322_seg0055,0,791.908,807.29
daic_322,daic_322_seg0057,8,822.206,849.807
daic_322,daic_322_seg0058,8,854.76,905.156
daic_322,daic_322_seg0059,8,912.025,927.076
daic_322,daic_322_seg0060,8,928.226,937.048
daic_322,daic_322_seg0061,0,947.629,972.117
daic_322,daic_322_seg0062,8,980.208,1007.763
daic_324,daic_324_seg0006,0,97.34,100.755
daic_324,daic_324_seg0007,8,101.69,106.275
daic_324,daic_324_seg0012,8,132.495,140.285
daic_324,daic_324_seg0013,2,145.71,150.225
daic_324,daic_324_seg0014,0,155.55,164.605
daic_324,daic_324_seg0016,8,172.43,180.9
daic_324,daic_324_seg0017,8,183.4,192.565
daic_324,daic_324_seg0018,8,198.23,202.995
daic_324,daic_324_seg0020,8,214.25,221.395
daic_324,daic_324_seg0021,8,225.475,232.775
daic_324,daic_324_seg0023,0,247.05,251.315
daic_324,daic_324_seg0024,8,255.795,266.595
daic_324,daic_324_seg0025,5,271.66,288.725
daic_324,daic_324_seg0027,8,292.23,295.7
daic_324,daic_324_seg0030,8,305.83,316.15
daic_324,daic_324_seg0034,7,330.795,333.915
daic_324,daic_324_seg0036,8,342.655,357.72
daic_324,daic_324_seg0039,8,370.225,373.905
daic_324,daic_324_seg0041,8,381.87,388.075
daic_324,daic_324_seg0042,3,392.83,399.245
daic_324,daic_324_seg0043,8,405.085,410.485
daic_324,daic_324_seg0045,8,420.68,432.015
daic_324,daic_324_seg0047,8,442.61,446.08
daic_324,daic_324_seg0050,0,459.71,464.33
daic_324,daic_324_seg0051,8,467.555,470.98
daic_324,daic_324_seg0054,8,482.595,493.17
daic_324,daic_324_seg0057,8,505.82,533.47
daic_324,daic_324_seg0059,8,543.585,547.645
daic_324,daic_324_seg0060,8,550.65,561.02
daic_324,daic_324_seg0063,8,573.64,589.095
daic_324,daic_324_seg0064,8,596.095,611.025
daic_324,daic_324_seg0065,8,614.985,619.91
daic_324,daic_324_seg0067,3,628.485,632.575
daic_324,daic_324_seg0068,0,641.545,653.54
daic_324,daic_324_seg0070,8,662.015,672.67
daic_324,daic_324_seg0071,8,678.255,683.635
daic_325,daic_325_seg0001,0,54.26,59.51
daic_325,daic_325_seg0002,1,64.62,73.88
daic_325,daic_325_seg0003,0,79.92,93.81
daic_325,daic_325_seg0004,0,97.97,113.6
daic_325,daic_325_seg0006,8,127.017,141.61
daic_325,daic_325_seg0007,5,148.401,176.76
daic_325,daic_325_seg0009,8,183.045,186.17
daic_325,daic_325_seg0010,8,190.245,200.34
daic_325,daic_325_seg0011,0,208.25,215.79
daic_325,daic_325_seg0013,0,230.362,247.45
daic_325,daic_325_seg0014,8,253.28,276.55
daic_325,daic_325_seg0015,8,284.96,293.94
daic_325,daic_325_seg0016,2,298.74,323.47
daic_325,daic_325_seg0017,8,328.7,346.6
daic_325,daic_325_seg0018,8,352.06,370.16
daic_325,daic_325_seg0019,8,379.72,401.25
daic_325,daic_325_seg0024,7,419.28,424.8
daic_325,daic_325_seg0026,8,431.8,457.06
daic_325,daic_325_seg0027,7,460.71,471.24
daic_325,daic_325_seg0029,7,478.72,490.03
daic_325,daic_325_seg0030,3,495.32,529.2
daic_325,daic_325_seg0031,4,540.25,562.12
daic_325,daic_325_seg0032,4,567.78,593.52
daic_325,daic_325_seg0033,8,600.19,611.31
daic_325,daic_325_seg0034,3,618.72,649.38
daic_325,daic_325_seg0035,8,657.3,677.82
daic_325,daic_325_seg0036,8,686.14,719.0
daic_325,daic_325_seg0037,8,719.34,727.61
daic_325,daic_325_seg0038,0,735.31,755.46
daic_325,daic_325_seg0039,0,760.09,767.23
daic_325,daic_325_seg0040,8,775.27,786.82
daic_325,daic_325_seg0041,0,798.83,814.85
daic_325,daic_325_seg0042,8,819.92,838.28
daic_326,daic_326_seg0003,8,98.12,102.32
daic_326,daic_326_seg0006,8,118.16,122.21
daic_326,daic_326_seg0007,0,132.14,148.93
daic_326,daic_326_seg0019,8,230.48,236.79
daic_326,daic_326_seg0027,8,292.64,298.59
daic_326,daic_326_seg0029,8,307.18,311.54
daic_326,daic_326_seg0032,8,326.67,333.12
daic_326,daic_326_seg0033,8,337.27,343.28
daic_326,daic_326_seg0034,8,344.09,355.09
daic_326,daic_326_seg0038,8,377.31,381.27
daic_326,daic_326_seg0039,4,391.34,395.26
daic_326,daic_326_seg0040,8,402.83,408.48
daic_326,daic_326_seg0042,4,415.98,420.7
daic_326,daic_326_seg0044,8,433.21,438.63
daic_326,daic_326_seg0045,8,441.78,445.03
daic_326,daic_326_seg0049,8,471.58,477.04
daic_326,daic_326_seg0051,8,494.22,497.68
daic_326,daic_326_seg0052,8,505.18,508.19
daic_326,daic_326_seg0058,8,538.61,543.33
daic_326,daic_326_seg0059,0,553.03,557.2
daic_326,daic_326_seg0060,8,562.32,569.79
daic_326,daic_326_seg0062,0,580.15,587.79
daic_326,daic_326_seg0063,8,589.76,593.61
daic_326,daic_326_seg0068,3,639.33,661.54
daic_327,daic_327_seg0005,8,84.92,88.45
daic_327,daic_327_seg0008,8,107.31,116.49
daic_327,daic_327_seg0009,8,121.15,124.83
daic_327,daic_327_seg0010,8,129.43,136.73
daic_327,daic_327_seg0011,5,142.25,145.25
daic_327,daic_327_seg0012,8,148.68,152.73
daic_327,daic_327_seg0013,5,156.74,161.7
daic_327,daic_327_seg0015,8,171.565,175.315
daic_327,daic_327_seg0016,0,181.66,185.06
daic_327,daic_327_seg0018,8,200.73,210.145
daic_327,daic_327_seg0019,0,216.655,221.515
daic_327,daic_327_seg0020,8,228.92,234.495
daic_327,daic_327_seg0022,2,247.73,253.83
daic_327,daic_327_seg0024,0,263.91,268.32
daic_327,daic_327_seg0026,8,278.977,288.207
daic_327,daic_327_seg0027,8,296.137,302.967
daic_327,daic_327_seg0029,0,313.44,316.82
daic_327,daic_327_seg0030,8,324.839,329.63
daic_327,daic_327_seg0033,7,344.739,348.009
daic_327,daic_327_seg0034,8,351.789,365.11
daic_327,daic_327_seg0036,8,374.264,391.804
daic_327,daic_327_seg0037,8,398.954,405.114
daic_327,daic_327_seg0038,0,412.521,418.771
daic_327,daic_327_seg0040,8,428.741,432.311
daic_327,daic_327_seg0042,4,442.561,447.281
daic_327,daic_327_seg0044,4,453.18,457.02
daic_327,daic_327_seg0045,8,460.24,463.5
daic_327,daic_327_seg0046,3,472.78,475.83
daic_327,daic_327_seg0047,8,479.2,488.35
daic_327,daic_327_seg0048,8,496.84,503.68
daic_327,daic_327_seg0049,0,509.72,518.72
daic_327,daic_327_seg0051,8,525.26,533.96
daic_327,daic_327_seg0052,8,541.81,547.48
daic_327,daic_327_seg0053,8,552.94,558.75
daic_327,daic_327_seg0054,8,568.02,573.46
daic_327,daic_327_seg0055,0,578.35,581.48
daic_327,daic_327_seg0056,0,585.81,593.02
daic_327,daic_327_seg0057,8,601.66,607.62
daic_327,daic_327_seg0058,8,612.53,629.69
daic_327,daic_327_seg0059,0,638.55,644.03
daic_328,daic_328_seg0004,0,71.31,78.84
daic_328,daic_328_seg0007,5,98.34,103.09
daic_328,daic_328_seg0008,5,109.48,115.17
daic_328,daic_328_seg0009,8,119.55,135.85
daic_328,daic_328_seg0011,8,141.18,145.26
daic_328,daic_328_seg0012,8,147.54,160.29
daic_328,daic_328_seg0014,0,172.01,196.42
daic_328,daic_328_seg0016,8,198.9,203.01
daic_328,daic_328_seg0017,8,208.35,232.61
daic_328,daic_328_seg0018,0,240.35,283.71
daic_328,daic_328_seg0019,8,287.51,308.22
daic_328,daic_328_seg0020,0,312.35,315.82
daic_328,daic_328_seg0021,8,316.31,330.82
daic_328,daic_328_seg0022,8,331.38,342.88
daic_328,daic_328_seg0024,0,349.6,394.9
daic_328,daic_328_seg0025,8,395.26,400.18
daic_328,daic_328_seg0027,8,406.3,412.77
daic_328,daic_328_seg0028,8,418.93,444.17
daic_328,daic_328_seg0030,8,451.21,474.82
daic_328,daic_328_seg0031,2,483.63,509.64
daic_328,daic_328_seg0032,8,514.09,525.25
daic_328,daic_328_seg0034,8,530.3,548.11
daic_328,daic_328_seg0035,8,552.26,597.22
daic_328,daic_328_seg0037,8,607.71,622.72
daic_328,daic_328_seg0042,4,643.89,657.39
daic_328,daic_328_seg0045,8,677.16,701.96
daic_328,daic_328_seg0046,0,709.9,723.84
daic_328,daic_328_seg0049,8,735.06,762.09
daic_328,daic_328_seg0050,8,764.64,768.42
daic_328,daic_328_seg0053,8,780.34,805.36
daic_328,daic_328_seg0054,8,805.76,820.15
daic_328,daic_328_seg0055,8,820.67,834.47
daic_328,daic_328_seg0056,8,835.09,842.97
daic_328,daic_328_seg0057,0,850.31,874.63
daic_328,daic_328_seg0058,0,877.88,891.03
daic_328,daic_328_seg0059,8,894.82,911.73
daic_328,daic_328_seg0060,8,921.84,942.05
daic_328,daic_328_seg0061,3,953.36,981.04
daic_328,daic_328_seg0063,8,989.85,1023.05
daic_330,daic_330_seg0004,0,72.02,77.63
daic_330,daic_330_seg0005,0,83.4,102.78
daic_330,daic_330_seg0007,8,112.12,120.31
daic_330,daic_330_seg0010,8,136.81,159.3
daic_330,daic_330_seg0012,8,171.97,180.43
daic_330,daic_330_seg0014,8,191.26,195.78
daic_330,daic_330_seg0015,0,206.42,214.84
daic_330,daic_330_seg0017,5,225.81,229.2
daic_330,daic_330_seg0019,8,238.97,245.36
daic_330,daic_330_seg0020,8,255.96,266.28
daic_330,daic_330_seg0021,5,272.52,281.27
daic_330,daic_330_seg0022,8,287.87,295.38
daic_330,daic_330_seg0023,8,302.59,311.52
daic_330,daic_330_seg0024,8,320.02,329.21
daic_330,daic_330_seg0025,8,334.9,350.09
daic_330,daic_330_seg0026,8,355.19,398.51
daic_330,daic_330_seg0030,4,422.9,429.73
daic_330,daic_330_seg0031,4,438.56,442.58
daic_330,daic_330_seg0035,8,467.65,489.83
daic_330,daic_330_seg0037,8,498.36,501.88
daic_330,daic_330_seg0038,0,510.74,537.32
daic_330,daic_330_seg0040,8,554.55,559.2
daic_330,daic_330_seg0044,0,596.16,610.03
daic_330,daic_330_seg0049,0,654.6,662.09
daic_330,daic_330_seg0051,8,671.65,680.75
daic_330,daic_330_seg0052,8,687.51,695.79
daic_330,daic_330_seg0054,3,704.96,715.48
daic_333,daic_333_seg0005,8,77.74,84.55
daic_333,daic_333_seg0008,8,101.53,113.56
daic_333,daic_333_seg0009,0,120.79,134.57
daic_333,daic_333_seg0010,0,140.46,153.28
daic_333,daic_333_seg0013,8,167.78,172.52
daic_333,daic_333_seg0016,8,185.48,193.11
daic_333,daic_333_seg0018,8,200.44,209.28
daic_333,daic_333_seg0019,8,215.92,227.86
daic_333,daic_333_seg0020,8,232.09,242.32
daic_333,daic_333_seg0021,8,245.91,261.41
daic_333,daic_333_seg0022,3,266.38,291.36
daic_333,daic_333_seg0023,8,298.51,321.2
daic_333,daic_333_seg0024,8,328.31,356.57
daic_333,daic_333_seg0025,0,364.28,381.76
daic_333,daic_333_seg0027,8,390.46,411.19
daic_333,daic_333_seg0029,0,420.16,431.37
daic_333,daic_333_seg0030,8,434.21,447.44
daic_333,daic_333_seg0031,8,455.23,458.57
daic_333,daic_333_seg0032,8,466.09,482.32
daic_333,daic_333_seg0036,3,501.91,519.05
daic_333,daic_333_seg0037,0,523.15,543.35
daic_333,daic_333_seg0038,8,551.95,560.39
daic_333,daic_333_seg0039,8,566.7,571.4
daic_333,daic_333_seg0040,8,578.76,584.22
daic_333,daic_333_seg0041,4,592.7,597.42
daic_333,daic_333_seg0042,4,601.48,609.19
daic_333,daic_333_seg0043,8,618.95,645.37
daic_333,daic_333_seg0044,8,653.04,676.44
daic_333,daic_333_seg0045,8,683.82,709.46
daic_333,daic_333_seg0048,3,732.12,743.09
daic_333,daic_333_seg0050,8,753.64,773.74
daic_333,daic_333_seg0051,8,775.61,789.94
daic_333,daic_333_seg0053,8,810.08,833.05
daic_333,daic_333_seg0054,8,841.45,855.88
daic_333,daic_333_seg0055,8,856.53,860.3
daic_333,daic_333_seg0056,0,871.88,894.52
daic_338,daic_338_seg0003,0,63.39,69.38
daic_338,daic_338_seg0004,0,73.4,76.98
daic_338,daic_338_seg0006,5,88.72,92.76
daic_338,daic_338_seg0008,8,102.77,114.67
daic_338,daic_338_seg0009,5,119.8,127.09
daic_338,daic_338_seg0011,8,136.51,150.53
daic_338,daic_338_seg0012,0,156.62,162.53
daic_338,daic_338_seg0013,8,168.21,179.1
daic_338,daic_338_seg0015,8,190.68,195.06
daic_338,daic_338_seg0016,0,201.31,208.62
daic_338,daic_338_seg0018,8,215.35,221.46
daic_338,daic_338_seg0019,8,228.33,244.2
daic_338,daic_338_seg0020,0,249.19,253.57
daic_338,daic_338_seg0025,8,280.79,289.5
daic_338,daic_338_seg0027,8,296.29,317.94
daic_338,daic_338_seg0028,8,322.01,329.73
daic_338,daic_338_seg0029,3,334.29,341.04
daic_338,daic_338_seg0030,8,344.38,353.12
daic_338,daic_338_seg0031,0,360.24,376.89
daic_338,daic_338_seg0032,3,383.8,392.01
daic_338,daic_338_seg0033,8,397.18,411.33
daic_338,daic_338_seg0034,8,414.75,419.19
daic_338,daic_338_seg0035,8,427.43,450.45
daic_338,daic_338_seg0036,8,454.7,457.8
daic_338,daic_338_seg0037,8,460.43,474.08
daic_338,daic_338_seg0038,8,481.88,492.44
daic_338,daic_338_seg0040,0,505.87,514.55
daic_338,daic_338_seg0041,8,522.73,541.89
daic_338,daic_338_seg0042,0,549.81,554.18
daic_339,daic_339_seg0004,1,62.626,65.75
daic_339,daic_339_seg0007,8,83.44,88.54
daic_339,daic_339_seg0008,0,93.55,109.91
daic_339,daic_339_seg0014,8,139.7,143.26
daic_339,daic_339_seg0016,8,155.92,176.76
daic_339,daic_339_seg0017,8,178.02,191.25
daic_339,daic_339_seg0018,8,199.808,203.39
daic_339,daic_339_seg0020,8,208.726,212.47
daic_339,daic_339_seg0021,8,221.336,248.5
daic_339,daic_339_seg0022,8,249.998,254.6
daic_339,daic_339_seg0024,8,268.981,283.8
daic_339,daic_339_seg0025,8,284.44,288.41
daic_339,daic_339_seg0028,8,300.47,305.01
daic_339,daic_339_seg0029,8,308.326,317.49
daic_339,daic_339_seg0030,8,325.64,348.12
daic_339,daic_339_seg0034,0,369.135,381.81
daic_339,daic_339_seg0035,0,383.236,388.75
daic_339,daic_339_seg0036,8,392.72,431.84
daic_339,daic_339_seg0037,8,432.472,435.58
daic_339,daic_339_seg0040,7,452.99,456.25
daic_339,daic_339_seg0041,8,462.54,480.6
daic_339,daic_339_seg0042,8,484.2,504.29
daic_339,daic_339_seg0043,8,505.01,526.11
daic_339,daic_339_seg0044,8,532.652,540.622
daic_339,daic_339_seg0046,4,552.573,572.28
daic_339,daic_339_seg0047,4,576.51,582.51
daic_339,daic_339_seg0048,3,587.06,592.1
daic_339,daic_339_seg0050,8,602.774,619.864
daic_339,daic_339_seg0053,3,632.09,639.41
daic_339,daic_339_seg0054,8,642.999,648.65
daic_339,daic_339_seg0055,8,649.7,654.93
daic_339,daic_339_seg0057,8,662.898,686.26
daic_339,daic_339_seg0060,8,700.272,724.45
daic_339,daic_339_seg0061,0,731.32,736.25
daic_339,daic_339_seg0062,8,747.92,776.63
daic_339,daic_339_seg0063,0,783.61,796.94
daic_339,daic_339_seg0064,8,801.91,809.85
daic_339,daic_339_seg0065,8,812.89,821.93
daic_340,daic_340_seg0003,8,75.32,78.35
daic_340,daic_340_seg0004,8,83.28,89.16
daic_340,daic_340_seg0005,8,96.28,100.21
daic_340,daic_340_seg0008,1,121.66,125.85
daic_340,daic_340_seg0012,8,147.95,151.64
daic_340,daic_340_seg0013,0,160.5,164.47
daic_340,daic_340_seg0016,8,178.16,187.76
daic_340,daic_340_seg0018,8,209.34,212.92
daic_340,daic_340_seg0026,8,260.497,266.397
daic_340,daic_340_seg0027,8,271.227,278.764
daic_340,daic_340_seg0029,8,298.153,311.713
daic_340,daic_340_seg0030,0,319.193,327.203
daic_340,daic_340_seg0032,0,344.707,353.997
daic_340,daic_340_seg0033,0,359.097,364.467
daic_340,daic_340_seg0034,8,370.598,375.678
daic_340,daic_340_seg0035,0,382.31,385.56
daic_340,daic_340_seg0036,8,389.697,397.571
daic_340,daic_340_seg0037,8,406.25,411.46
daic_340,daic_340_seg0038,8,418.13,422.2
daic_340,daic_340_seg0040,8,435.95,446.49
daic_340,daic_340_seg0041,5,455.618,465.166
daic_340,daic_340_seg0042,8,470.158,475.571
daic_340,daic_340_seg0044,8,493.309,497.799
daic_340,daic_340_seg0046,8,512.134,518.944
daic_340,daic_340_seg0047,0,528.274,537.314
daic_341,daic_341_seg0003,0,81.65,89.21
daic_341,daic_341_seg0007,3,117.23,122.36
daic_341,daic_341_seg0008,5,128.07,140.11
daic_341,daic_341_seg0010,8,147.3,152.25
daic_341,daic_341_seg0011,8,156.51,159.99
daic_341,daic_341_seg0012,8,167.39,171.2
daic_341,daic_341_seg0014,8,175.36,181.39
daic_341,daic_341_seg0016,0,186.02,195.32
daic_341,daic_341_seg0017,8,196.29,202.39
daic_341,daic_341_seg0019,0,212.35,220.23
daic_341,daic_341_seg0020,8,224.83,228.36
daic_341,daic_341_seg0021,0,233.19,237.32
daic_341,daic_341_seg0022,8,239.28,248.75
daic_341,daic_341_seg0024,8,255.72,260.12
daic_341,daic_341_seg0026,8,271.17,282.45
daic_341,daic_341_seg0028,8,286.41,297.19
daic_341,daic_341_seg0029,0,308.3,317.26
daic_341,daic_341_seg0030,8,325.49,337.79
daic_341,daic_341_seg0031,0,342.63,349.05
daic_341,daic_341_seg0032,0,351.46,361.78
daic_341,daic_341_seg0033,8,364.46,391.75
daic_341,daic_341_seg0034,8,392.5,400.48
daic_341,daic_341_seg0035,8,401.42,414.13
daic_341,daic_341_seg0036,8,414.89,418.28
daic_341,daic_341_seg0037,3,429.51,446.62
daic_341,daic_341_seg0038,8,447.38,450.61
daic_341,daic_341_seg0040,8,461.13,483.25
daic_341,daic_341_seg0041,8,488.52,498.6
daic_341,daic_341_seg0049,3,530.23,542.45
daic_341,daic_341_seg0050,8,548.91,559.89
daic_341,daic_341_seg0053,8,568.19,573.82
daic_341,daic_341_seg0054,8,574.02,588.38
daic_341,daic_341_seg0055,8,588.99,604.85
daic_341,daic_341_seg0057,8,614.61,633.95
daic_341,daic_341_seg0058,8,634.99,642.35
daic_341,daic_341_seg0059,8,643.12,649.91
daic_341,daic_341_seg0060,8,651.04,655.46
daic_341,daic_341_seg0061,0,663.1,677.96
daic_341,daic_341_seg0062,8,679.93,683.24
daic_341,daic_341_seg0064,3,687.05,694.46
daic_341,daic_341_seg0065,4,696.47,714.02
daic_341,daic_341_seg0067,4,717.73,722.91
daic_341,daic_341_seg0068,8,732.45,757.02
daic_341,daic_341_seg0069,8,757.69,763.46
daic_341,daic_341_seg0072,3,775.94,779.9
daic_341,daic_341_seg0073,8,793.96,799.23
daic_341,daic_341_seg0074,8,802.21,817.25
daic_341,daic_341_seg0075,8,819.76,823.1
daic_341,daic_341_seg0077,0,827.09,830.16
daic_343,daic_343_seg0004,0,147.76,157.11
daic_343,daic_343_seg0005,0,165.95,173.51
daic_343,daic_343_seg0007,0,182.76,202.63
daic_343,daic_343_seg0009,8,216.59,233.76
daic_343,daic_343_seg0011,8,252.79,271.56
daic_343,daic_343_seg0012,8,278.51,294.15
daic_343,daic_343_seg0013,8,301.79,307.28
daic_343,daic_343_seg0014,8,309.24,320.72
daic_343,daic_343_seg0018,8,340.39,346.28
daic_343,daic_343_seg0021,5,358.48,363.73
daic_343,daic_343_seg0024,5,386.58,393.51
daic_343,daic_343_seg0026,3,412.09,419.55
daic_343,daic_343_seg0028,0,439.79,448.31
daic_343,daic_343_seg0030,8,461.78,470.43
daic_343,daic_343_seg0032,8,483.92,495.79
daic_343,daic_343_seg0035,0,516.17,519.85
daic_343,daic_343_seg0036,8,524.69,538.77
daic_343,daic_343_seg0040,7,559.75,563.41
daic_343,daic_343_seg0042,8,572.44,581.88
daic_343,daic_343_seg0043,0,589.89,596.6
daic_343,daic_343_seg0050,8,631.34,637.63
daic_343,daic_343_seg0055,8,673.07,684.29
daic_343,daic_343_seg0056,0,697.98,704.56
daic_343,daic_343_seg0058,8,721.75,726.02
daic_343,daic_343_seg0065,8,782.59,789.0
daic_343,daic_343_seg0066,8,800.07,804.07
daic_343,daic_343_seg0068,8,813.75,817.9
daic_343,daic_343_seg0070,8,831.43,838.66
daic_343,daic_343_seg0071,8,843.39,853.28
daic_343,daic_343_seg0073,8,865.07,876.58
daic_344,daic_344_seg0004,0,87.85,93.35
daic_344,daic_344_seg0005,0,97.86,100.87
daic_344,daic_344_seg0007,8,110.45,116.01
daic_344,daic_344_seg0008,8,120.62,130.1
daic_344,daic_344_seg0009,8,134.73,148.11
daic_344,daic_344_seg0012,8,162.17,166.22
daic_344,daic_344_seg0013,8,172.38,191.94
daic_344,daic_344_seg0014,8,193.87,210.82
daic_344,daic_344_seg0016,8,219.96,226.71
daic_344,daic_344_seg0019,8,236.23,244.88
daic_344,daic_344_seg0021,8,252.16,263.8
daic_344,daic_344_seg0022,5,270.64,277.36
daic_344,daic_344_seg0024,8,287.38,292.48
daic_344,daic_344_seg0027,5,301.66,324.26
daic_344,daic_344_seg0030,0,332.56,362.68
daic_344,daic_344_seg0031,0,370.98,396.01
daic_344,daic_344_seg0032,8,396.79,405.27
daic_344,daic_344_seg0033,8,408.11,429.43
daic_344,daic_344_seg0035,8,434.49,456.25
daic_344,daic_344_seg0036,8,457.86,467.56
daic_344,daic_344_seg0038,8,482.54,496.36
daic_344,daic_344_seg0040,2,504.31,509.62
daic_344,daic_344_seg0042,3,520.87,539.3
daic_344,daic_344_seg0044,3,547.23,571.05
daic_344,daic_344_seg0045,8,575.42,593.52
daic_344,daic_344_seg0048,8,606.42,609.99
daic_344,daic_344_seg0049,8,610.58,631.06
daic_344,daic_344_seg0052,8,637.81,651.94
daic_344,daic_344_seg0053,4,658.92,674.51
daic_344,daic_344_seg0054,0,677.55,695.56
daic_344,daic_344_seg0056,8,705.83,722.0
daic_344,daic_344_seg0057,8,725.47,732.39
daic_344,daic_344_seg0058,8,733.41,745.43
daic_344,daic_344_seg0061,7,756.85,776.88
daic_344,daic_344_seg0066,8,800.45,827.1
daic_344,daic_344_seg0067,8,828.32,831.93
daic_344,daic_344_seg0071,8,850.73,857.08
daic_344,daic_344_seg0072,0,863.99,890.46
daic_344,daic_344_seg0074,8,897.54,914.1
daic_344,daic_344_seg0075,8,919.87,924.99
daic_344,daic_344_seg0076,8,928.36,961.59
daic_344,daic_344_seg0078,8,971.95,992.2
daic_344,daic_344_seg0079,0,1004.37,1032.47
daic_344,daic_344_seg0080,8,1034.02,1048.84
daic_344,daic_344_seg0081,8,1052.09,1056.42
daic_345,daic_345_seg0004,1,61.3,65.32
daic_345,daic_345_seg0006,0,70.89,86.69
daic_345,daic_345_seg0007,0,91.32,102.04
daic_345,daic_345_seg0008,8,106.68,111.76
daic_345,daic_345_seg0009,5,115.69,131.57
daic_345,daic_345_seg0010,5,137.54,144.81
daic_345,daic_345_seg0011,5,147.52,161.53
daic_345,daic_345_seg0012,8,162.01,168.88
daic_345,daic_345_seg0013,2,175.43,186.85
daic_345,daic_345_seg0017,8,200.7,213.41
daic_345,daic_345_seg0018,0,218.29,228.62
daic_345,daic_345_seg0019,8,231.8,241.01
daic_345,daic_345_seg0020,8,245.99,264.85
daic_345,daic_345_seg0022,8,274.53,291.49
daic_345,daic_345_seg0023,8,294.12,318.2
daic_345,daic_345_seg0024,8,324.1,341.94
daic_345,daic_345_seg0025,0,348.43,363.23
daic_345,daic_345_seg0026,4,370.3,385.98
daic_345,daic_345_seg0027,8,388.2,400.39
daic_345,daic_345_seg0028,0,403.65,418.17
daic_345,daic_345_seg0029,8,421.03,435.93
daic_345,daic_345_seg0031,4,440.6,460.09
daic_345,daic_345_seg0034,7,470.1,474.2
daic_345,daic_345_seg0035,8,478.48,496.68
daic_345,daic_345_seg0036,8,497.93,501.3
daic_345,daic_345_seg0037,0,505.93,531.6
daic_345,daic_345_seg0038,3,535.11,548.07
daic_345,daic_345_seg0040,7,554.71,558.05
daic_345,daic_345_seg0041,8,563.48,575.0
daic_345,daic_345_seg0042,7,581.14,596.55
daic_345,daic_345_seg0043,3,602.86,615.48
daic_345,daic_345_seg0044,8,622.35,667.04
daic_345,daic_345_seg0045,0,672.38,689.29
daic_345,daic_345_seg0046,8,695.19,713.41
daic_345,daic_345_seg0047,8,719.33,738.33
daic_345,daic_345_seg0048,0,744.188,763.445
daic_347,daic_347_seg0005,8,93.26,97.08
daic_347,daic_347_seg0008,8,119.68,122.75
daic_347,daic_347_seg0010,8,138.32,143.98
daic_347,daic_347_seg0017,0,184.21,189.27
daic_347,daic_347_seg0018,0,193.77,197.42
daic_347,daic_347_seg0028,8,285.51,289.55
daic_347,daic_347_seg0030,8,311.91,317.33
daic_347,daic_347_seg0031,0,332.5,336.23
daic_347,daic_347_seg0035,8,359.94,366.48
daic_347,daic_347_seg0037,4,377.43,381.04
daic_347,daic_347_seg0040,3,394.51,397.76
daic_347,daic_347_seg0041,8,411.2,415.09
daic_347,daic_347_seg0043,2,429.34,435.19
daic_347,daic_347_seg0045,0,445.15,451.59
daic_347,daic_347_seg0046,8,455.43,463.0
daic_347,daic_347_seg0047,8,486.66,490.53
daic_347,daic_347_seg0049,8,510.73,514.14
daic_347,daic_347_seg0052,8,541.32,546.97
daic_347,daic_347_seg0053,3,563.36,567.77
daic_348,daic_348_seg0003,0,68.97,78.83
daic_348,daic_348_seg0006,8,95.18,98.98
daic_348,daic_348_seg0007,8,104.76,118.67
daic_348,daic_348_seg0009,8,128.61,134.21
daic_348,daic_348_seg0010,8,140.03,149.73
daic_348,daic_348_seg0011,0,157.5,165.66
daic_348,daic_348_seg0015,8,183.24,195.49
daic_348,daic_348_seg0016,8,197.76,203.31
daic_348,daic_348_seg0018,0,212.26,228.84
daic_348,daic_348_seg0019,0,233.81,251.22
daic_348,daic_348_seg0020,2,258.79,266.19
daic_348,daic_348_seg0024,5,281.96,296.4
daic_348,daic_348_seg0025,0,301.13,307.33
daic_348,daic_348_seg0029,8,326.85,341.55
daic_348,daic_348_seg0030,8,347.08,350.67
daic_348,daic_348_seg0039,8,381.89,386.95
daic_348,daic_348_seg0041,8,393.86,401.08
daic_348,daic_348_seg0044,7,416.34,423.55
daic_348,daic_348_seg0047,8,442.23,445.96
daic_348,daic_348_seg0048,8,450.89,457.21
daic_348,daic_348_seg0052,4,472.36,481.92
daic_348,daic_348_seg0053,0,492.61,497.54
daic_348,daic_348_seg0054,0,500.7,513.62
daic_348,daic_348_seg0057,0,531.98,536.36
daic_348,daic_348_seg0058,8,542.26,553.09
daic_348,daic_348_seg0059,8,558.54,565.76
daic_348,daic_348_seg0060,8,570.8,594.78
daic_348,daic_348_seg0061,8,599.39,618.33
daic_348,daic_348_seg0063,8,631.09,642.83
daic_348,daic_348_seg0064,8,652.09,670.53
daic_348,daic_348_seg0065,8,676.81,682.4
daic_350,daic_350_seg0002,1,59.55,64.82
daic_350,daic_350_seg0004,8,68.44,71.84
daic_350,daic_350_seg0009,8,93.02,97.77
daic_350,daic_350_seg0010,8,101.38,117.16
daic_350,daic_350_seg0011,8,120.75,130.46
daic_350,daic_350_seg0012,3,133.66,137.13
daic_350,daic_350_seg0014,5,142.67,148.07
daic_350,daic_350_seg0016,8,154.52,163.32
daic_350,daic_350_seg0018,5,167.72,182.28
daic_350,daic_350_seg0019,8,189.63,193.12
daic_350,daic_350_seg0020,8,194.69,207.82
daic_350,daic_350_seg0021,8,213.64,229.23
daic_350,daic_350_seg0022,0,233.86,243.36
daic_350,daic_350_seg0023,8,252.66,269.82
daic_350,daic_350_seg0024,0,274.03,279.38
daic_350,daic_350_seg0025,8,284.22,306.94
daic_350,daic_350_seg0026,8,307.97,311.34
daic_350,daic_350_seg0027,2,313.74,320.86
daic_350,daic_350_seg0028,8,329.72,338.76
daic_350,daic_350_seg0029,8,343.05,389.96
daic_350,daic_350_seg0033,7,409.25,419.16
daic_350,daic_350_seg0034,8,424.55,438.34
daic_350,daic_350_seg0035,8,443.91,465.67
daic_350,daic_350_seg0036,3,472.88,490.27
daic_350,daic_350_seg0037,8,499.72,509.31
daic_350,daic_350_seg0039,8,514.65,538.31
daic_350,daic_350_seg0042,4,555.93,562.05
daic_350,daic_350_seg0043,0,565.44,579.43
daic_350,daic_350_seg0045,8,586.15,598.11
daic_350,daic_350_seg0047,4,604.11,611.58
daic_350,daic_350_seg0048,3,622.4,632.91
daic_350,daic_350_seg0049,8,638.47,652.38
daic_350,daic_350_seg0050,8,658.654,693.62
daic_350,daic_350_seg0052,0,701.444,706.82
daic_350,daic_350_seg0053,8,716.11,761.89
daic_350,daic_350_seg0055,0,775.59,791.42
daic_350,daic_350_seg0056,8,801.86,832.85
daic_351,daic_351_seg0001,0,51.49,55.08
daic_351,daic_351_seg0003,8,63.07,67.22
daic_351,daic_351_seg0009,8,98.37,102.22
daic_351,daic_351_seg0010,8,106.0,109.66
daic_351,daic_351_seg0014,8,137.18,149.28
daic_351,daic_351_seg0015,8,153.23,162.07
daic_351,daic_351_seg0016,0,167.9,185.56
daic_351,daic_351_seg0018,8,195.91,208.01
daic_351,daic_351_seg0021,8,218.25,223.34
daic_351,daic_351_seg0022,8,228.71,238.13
daic_351,daic_351_seg0023,8,241.98,256.2
daic_351,daic_351_seg0024,8,263.38,270.09
daic_351,daic_351_seg0026,8,278.8,282.82
daic_351,daic_351_seg0027,8,286.06,297.74
daic_351,daic_351_seg0028,8,303.72,319.93
daic_351,daic_351_seg0032,7,333.65,339.42
daic_351,daic_351_seg0033,8,343.91,360.49
daic_351,daic_351_seg0034,7,363.9,367.38
daic_351,daic_351_seg0035,8,369.83,383.91
daic_351,daic_351_seg0037,7,390.1,405.16
daic_351,daic_351_seg0038,7,408.79,442.06
daic_351,daic_351_seg0039,8,447.27,466.87
daic_351,daic_351_seg0040,0,469.66,485.18
daic_351,daic_351_seg0041,8,488.33,499.33
daic_351,daic_351_seg0043,3,503.15,513.89
daic_351,daic_351_seg0044,8,518.4,525.48
daic_351,daic_351_seg0045,4,530.84,538.05
daic_351,daic_351_seg0046,8,540.45,550.22
daic_351,daic_351_seg0047,4,553.25,568.87
daic_351,daic_351_seg0048,3,574.66,578.24
daic_351,daic_351_seg0049,8,583.18,596.53
daic_351,daic_351_seg0050,8,604.99,634.06
daic_351,daic_351_seg0052,0,639.56,653.75
daic_351,daic_351_seg0053,8,657.83,668.75
daic_351,daic_351_seg0054,8,675.54,700.2
daic_351,daic_351_seg0056,8,708.46,733.56
daic_352,daic_352_seg0003,8,53.02,56.15
daic_352,daic_352_seg0004,0,58.73,66.88
daic_352,daic_352_seg0005,8,71.36,79.74
daic_352,daic_352_seg0006,8,82.71,91.6
daic_352,daic_352_seg0009,8,106.01,119.65
daic_352,daic_352_seg0010,5,123.59,138.72
daic_352,daic_352_seg0011,8,142.88,152.74
daic_352,daic_352_seg0012,0,158.0,174.48
daic_352,daic_352_seg0013,8,178.09,195.54
daic_352,daic_352_seg0014,0,200.58,217.36
daic_352,daic_352_seg0015,8,223.75,248.66
daic_352,daic_352_seg0016,2,252.78,257.89
daic_352,daic_352_seg0017,8,263.04,280.07
daic_352,daic_352_seg0018,8,285.34,304.06
daic_352,daic_352_seg0019,8,307.41,327.36
daic_352,daic_352_seg0020,8,331.08,359.04
daic_352,daic_352_seg0023,7,373.52,388.97
daic_352,daic_352_seg0024,4,394.46,414.29
daic_352,daic_352_seg0025,4,417.84,429.07
daic_352,daic_352_seg0026,3,433.54,468.95
daic_352,daic_352_seg0027,8,474.31,510.19
daic_352,daic_352_seg0028,3,515.12,549.08
daic_352,daic_352_seg0029,8,553.34,577.99
daic_352,daic_352_seg0030,8,582.92,626.33
daic_352,daic_352_seg0031,0,630.33,644.99
daic_352,daic_352_seg0032,8,651.15,681.79
daic_352,daic_352_seg0033,0,688.65,720.61
daic_353,daic_353_seg0003,8,53.98,63.49
daic_353,daic_353_seg0004,1,67.77,72.2
daic_353,daic_353_seg0005,8,73.26,86.65
daic_353,daic_353_seg0006,8,91.24,101.58
daic_353,daic_353_seg0009,5,118.44,123.02
daic_353,daic_353_seg0011,8,134.01,158.03
daic_353,daic_353_seg0012,8,162.93,170.49
daic_353,daic_353_seg0014,8,180.78,199.03
daic_353,daic_353_seg0015,0,204.07,208.35
daic_353,daic_353_seg0016,8,212.28,218.86
daic_353,daic_353_seg0017,0,223.49,229.75
daic_353,daic_353_seg0018,8,235.06,245.71
daic_353,daic_353_seg0019,8,251.52,257.5
daic_353,daic_353_seg0021,8,274.23,291.84
daic_353,daic_353_seg0024,7,302.74,306.93
daic_353,daic_353_seg0025,8,310.1,327.0
daic_353,daic_353_seg0026,3,331.81,350.94
daic_353,daic_353_seg0027,0,353.92,380.74
daic_353,daic_353_seg0028,8,386.85,423.74
daic_353,daic_353_seg0029,8,429.97,444.3
daic_353,daic_353_seg0031,8,455.71,475.73
daic_353,daic_353_seg0032,8,476.68,484.1
daic_353,daic_353_seg0033,4,489.25,502.71
daic_353,daic_353_seg0034,4,508.98,518.98
daic_353,daic_353_seg0035,3,524.54,534.48
daic_353,daic_353_seg0036,0,545.03,560.92
daic_353,daic_353_seg0039,8,578.26,586.4
daic_353,daic_353_seg0040,8,589.7,641.3
daic_353,daic_353_seg0041,8,646.7,656.59
daic_353,daic_353_seg0042,0,662.16,671.44
daic_353,daic_353_seg0043,8,677.45,681.14
daic_353,daic_353_seg0044,8,686.6,703.25
daic_353,daic_353_seg0045,0,710.44,748.64
daic_355,daic_355_seg0002,1,48.59,51.8
daic_355,daic_355_seg0003,0,56.83,65.27
daic_355,daic_355_seg0004,0,70.03,76.17
daic_355,daic_355_seg0005,8,80.74,85.2
daic_355,daic_355_seg0006,5,89.19,95.43
daic_355,daic_355_seg0007,8,99.802,110.362
daic_355,daic_355_seg0008,5,115.61,123.265
daic_355,daic_355_seg0009,0,128.642,138.542
daic_355,daic_355_seg0010,8,140.802,144.256
daic_355,daic_355_seg0012,0,152.784,166.6
daic_355,daic_355_seg0013,8,167.16,174.893
daic_355,daic_355_seg0014,8,181.491,186.221
daic_355,daic_355_seg0016,8,200.101,217.95
daic_355,daic_355_seg0017,2,223.21,226.28
daic_355,daic_355_seg0019,8,238.734,248.018
daic_355,daic_355_seg0020,8,252.287,276.744
daic_355,daic_355_seg0021,8,283.592,296.707
daic_355,daic_355_seg0022,8,300.437,305.547
daic_355,daic_355_seg0026,7,322.938,337.63
daic_355,daic_355_seg0028,8,343.97,349.05
daic_355,daic_355_seg0030,3,357.44,371.24
daic_355,daic_355_seg0033,8,385.97,392.54
daic_355,daic_355_seg0034,8,398.87,405.0
daic_355,daic_355_seg0036,4,413.44,421.15
daic_355,daic_355_seg0038,0,428.17,432.92
daic_355,daic_355_seg0039,8,435.14,449.4
daic_355,daic_355_seg0040,3,458.17,477.67
daic_355,daic_355_seg0041,0,486.7,529.0
daic_355,daic_355_seg0042,8,531.62,543.54
daic_355,daic_355_seg0044,8,555.78,567.19
daic_355,daic_355_seg0045,8,569.59,595.21
daic_355,daic_355_seg0046,0,600.68,604.69
daic_355,daic_355_seg0047,8,610.62,637.01
daic_427,daic_427_seg0005,8,84.64,88.99
daic_427,daic_427_seg0006,1,92.79,96.28
daic_427,daic_427_seg0007,8,100.45,105.27
daic_427,daic_427_seg0008,8,112.16,118.82
daic_427,daic_427_seg0009,0,124.4,133.65
daic_427,daic_427_seg0010,0,138.44,143.6
daic_427,daic_427_seg0013,8,159.57,169.7
daic_427,daic_427_seg0014,8,175.89,185.23
daic_427,daic_427_seg0016,8,196.49,209.04
daic_427,daic_427_seg0017,3,225.26,229.82
daic_427,daic_427_seg0018,0,231.46,241.09
daic_427,daic_427_seg0019,6,244.61,252.49
daic_427,daic_427_seg0020,8,256.56,265.62
daic_427,daic_427_seg0021,8,273.74,286.35
daic_427,daic_427_seg0022,0,291.81,301.24
daic_427,daic_427_seg0023,0,311.87,331.82
daic_427,daic_427_seg0024,8,335.87,350.63
daic_427,daic_427_seg0025,8,356.47,367.95
daic_427,daic_427_seg0026,0,370.22,377.87
daic_427,daic_427_seg0027,8,387.55,411.93
daic_427,daic_427_seg0029,5,418.9,424.79
daic_427,daic_427_seg0030,8,430.65,441.74
daic_427,daic_427_seg0031,3,444.96,456.47
daic_427,daic_427_seg0032,5,459.58,463.99
daic_427,daic_427_seg0035,8,473.54,484.22
daic_427,daic_427_seg0036,4,491.14,495.74
daic_427,daic_427_seg0037,4,500.94,511.13
daic_427,daic_427_seg0044,3,539.03,565.84
daic_427,daic_427_seg0046,8,572.83,583.92
daic_427,daic_427_seg0047,8,592.89,620.37
daic_427,daic_427_seg0048,0,627.14,656.82
daic_427,daic_427_seg0049,8,660.89,670.93
daic_427,daic_427_seg0050,8,680.12,720.59
daic_427,daic_427_seg0052,0,727.66,744.65
daic_427,daic_427_seg0054,8,752.89,757.66
daic_427,daic_427_seg0055,8,763.97,794.89
daic_427,daic_427_seg0056,8,801.32,821.74
daic_427,daic_427_seg0057,8,828.71,836.07
daic_428,daic_428_seg0001,0,51.06,64.09
daic_428,daic_428_seg0004,0,84.82,92.11
daic_428,daic_428_seg0005,0,98.23,104.59
daic_428,daic_428_seg0006,5,110.71,114.1
daic_428,daic_428_seg0009,5,130.77,134.48
daic_428,daic_428_seg0010,8,146.29,150.07
daic_428,daic_428_seg0011,8,153.55,159.12
daic_428,daic_428_seg0012,8,166.91,172.85
daic_428,daic_428_seg0015,8,183.45,192.46
daic_428,daic_428_seg0017,6,207.75,212.69
daic_428,daic_428_seg0018,8,219.23,224.27
daic_428,daic_428_seg0020,8,230.9,235.04
daic_428,daic_428_seg0021,0,241.64,245.91
daic_428,daic_428_seg0022,8,255.35,260.55
daic_428,daic_428_seg0023,0,267.75,273.09
daic_428,daic_428_seg0024,8,278.73,283.75
daic_428,daic_428_seg0025,8,287.42,303.4
daic_428,daic_428_seg0028,8,315.73,325.9
daic_428,daic_428_seg0029,8,331.08,337.4
daic_428,daic_428_seg0030,3,342.3,345.7
daic_428,daic_428_seg0031,0,350.08,355.03
daic_428,daic_428_seg0034,8,369.35,382.52
daic_428,daic_428_seg0036,4,390.12,393.19
daic_428,daic_428_seg0038,4,401.74,414.81
daic_428,daic_428_seg0040,8,426.75,431.93
daic_428,daic_428_seg0041,8,436.76,453.82
daic_428,daic_428_seg0046,3,469.13,474.09
daic_428,daic_428_seg0047,3,478.08,481.62
daic_428,daic_428_seg0048,8,493.28,499.16
daic_428,daic_428_seg0049,0,504.09,512.19
daic_428,daic_428_seg0050,0,517.99,526.88
daic_428,daic_428_seg0051,8,528.87,535.49
daic_428,daic_428_seg0052,8,538.61,542.67
daic_428,daic_428_seg0054,8,562.84,578.28
daic_428,daic_428_seg0055,8,579.0,585.27
daic_428,daic_428_seg0056,0,591.62,603.69
daic_428,daic_428_seg0057,8,610.46,638.47
daic_428,daic_428_seg0058,0,648.08,652.87
daic_428,daic_428_seg0059,8,658.0,662.85
daic_428,daic_428_seg0063,8,675.3,681.58
daic_429,daic_429_seg0006,1,86.02,90.51
daic_429,daic_429_seg0008,8,100.94,113.1
daic_429,daic_429_seg0010,8,118.1,123.88
daic_429,daic_429_seg0011,8,126.97,134.998
daic_429,daic_429_seg0012,0,138.71,148.37
daic_429,daic_429_seg0015,8,170.02,175.31
daic_429,daic_429_seg0017,8,187.03,199.55
daic_429,daic_429_seg0019,8,204.55,207.9
daic_429,daic_429_seg0021,5,218.82,223.05
daic_429,daic_429_seg0022,6,227.03,241.9
daic_429,daic_429_seg0025,8,255.04,260.9
daic_429,daic_429_seg0028,8,283.37,288.03
daic_429,daic_429_seg0030,8,296.64,305.29
daic_429,daic_429_seg0032,8,312.47,315.78
daic_429,daic_429_seg0034,6,322.09,326.71
daic_429,daic_429_seg0036,8,330.25,354.89
daic_429,daic_429_seg0037,8,356.85,361.18
daic_429,daic_429_seg0039,0,372.55,387.58
daic_429,daic_429_seg0040,8,389.07,403.33
daic_429,daic_429_seg0041,8,408.85,456.22
daic_429,daic_429_seg0042,8,457.25,467.33
daic_429,daic_429_seg0043,8,476.64,490.02
daic_429,daic_429_seg0044,8,493.02,512.45
daic_429,daic_429_seg0046,0,524.08,550.85
daic_429,daic_429_seg0047,3,552.1,563.68
daic_429,daic_429_seg0049,8,570.2,578.84
daic_429,daic_429_seg0051,0,584.73,601.15
daic_429,daic_429_seg0052,8,601.94,606.78
daic_429,daic_429_seg0053,8,609.18,623.88
daic_429,daic_429_seg0054,4,631.1,636.36
daic_429,daic_429_seg0056,4,642.05,663.17
daic_429,daic_429_seg0057,8,664.12,672.55
daic_429,daic_429_seg0060,8,688.87,702.18
daic_429,daic_429_seg0063,7,711.95,720.15
daic_429,daic_429_seg0065,3,729.84,757.36
daic_429,daic_429_seg0066,8,760.11,766.72
daic_429,daic_429_seg0068,8,774.25,780.81
daic_429,daic_429_seg0070,0,788.0,807.78
daic_429,daic_429_seg0072,8,814.42,823.15
daic_429,daic_429_seg0073,8,825.45,836.53
daic_429,daic_429_seg0074,0,843.89,851.91
daic_429,daic_429_seg0075,8,852.43,881.77
daic_429,daic_429_seg0076,8,889.42,921.46
daic_430,daic_430_seg0004,0,104.765,111.76
daic_430,daic_430_seg0005,0,116.66,127.04
daic_430,daic_430_seg0006,8,136.63,142.02
daic_430,daic_430_seg0007,8,145.75,153.54
daic_430,daic_430_seg0008,8,157.73,192.83
daic_430,daic_430_seg0009,8,199.565,202.565
daic_430,daic_430_seg0011,3,227.55,248.48
daic_430,daic_430_seg0012,0,253.84,259.62
daic_430,daic_430_seg0013,6,264.575,273.4
daic_430,daic_430_seg0014,8,276.915,285.28
daic_430,daic_430_seg0015,8,290.39,300.95
daic_430,daic_430_seg0016,8,311.225,322.695
daic_430,daic_430_seg0017,8,330.83,342.665
daic_430,daic_430_seg0018,8,348.57,365.23
daic_430,daic_430_seg0020,0,383.17,394.1
daic_430,daic_430_seg0021,0,401.4,431.805
daic_430,daic_430_seg0023,0,439.52,455.45
daic_430,daic_430_seg0025,8,462.85,481.82
daic_430,daic_430_seg0026,4,489.71,507.825
daic_430,daic_430_seg0027,4,514.03,525.03
daic_430,daic_430_seg0029,8,535.81,543.1
daic_430,daic_430_seg0032,7,554.07,558.26
daic_430,daic_430_seg0033,8,562.74,581.15
daic_430,daic_430_seg0034,8,584.905,609.0
daic_430,daic_430_seg0038,7,629.05,654.225
daic_430,daic_430_seg0039,6,660.42,666.1
daic_430,daic_430_seg0040,3,673.27,676.98
daic_430,daic_430_seg0041,8,678.715,686.54
daic_430,daic_430_seg0042,8,695.16,705.48
daic_430,daic_430_seg0043,8,706.3,715.89
daic_430,daic_430_seg0044,0,721.93,733.55
daic_430,daic_430_seg0045,0,738.925,744.88
daic_430,daic_430_seg0046,8,753.365,778.35
daic_430,daic_430_seg0047,0,786.53,815.46
daic_430,daic_430_seg0048,8,816.06,834.81
daic_430,daic_430_seg0049,8,836.29,843.46
daic_430,daic_430_seg0050,8,851.13,863.1
daic_430,daic_430_seg0051,0,868.8,872.31
daic_433,daic_433_seg0004,0,86.62,92.12
daic_433,daic_433_seg0005,0,96.92,105.02
daic_433,daic_433_seg0006,8,114.91,118.59
daic_433,daic_433_seg0007,8,123.13,131.21
daic_433,daic_433_seg0010,8,143.65,154.33
daic_433,daic_433_seg0012,5,162.88,178.21
daic_433,daic_433_seg0014,8,192.44,201.26
daic_433,daic_433_seg0015,3,217.935,224.38
daic_433,daic_433_seg0016,8,227.94,232.945
daic_433,daic_433_seg0017,0,238.87,246.075
daic_433,daic_433_seg0018,6,253.07,258.76
daic_433,daic_433_seg0019,8,264.805,272.91
daic_433,daic_433_seg0020,8,282.74,288.655
daic_433,daic_433_seg0021,0,296.23,302.55
daic_433,daic_433_seg0022,8,306.73,315.455
daic_433,daic_433_seg0023,8,324.5,334.725
daic_433,daic_433_seg0024,8,338.85,352.27
daic_433,daic_433_seg0025,8,355.5,360.8
daic_433,daic_433_seg0026,0,371.92,375.07
daic_433,daic_433_seg0027,8,380.34,396.79
daic_433,daic_433_seg0028,8,404.14,414.64
daic_433,daic_433_seg0029,4,422.12,429.58
daic_433,daic_433_seg0030,4,433.62,441.28
daic_433,daic_433_seg0032,8,456.98,466.41
daic_433,daic_433_seg0036,0,494.57,502.935
daic_433,daic_433_seg0037,8,509.3,513.18
daic_433,daic_433_seg0038,8,517.24,539.96
daic_433,daic_433_seg0039,0,545.5,560.995
daic_433,daic_433_seg0041,0,570.77,580.05
daic_433,daic_433_seg0042,8,584.57,601.1
daic_433,daic_433_seg0043,8,605.15,618.36
daic_433,daic_433_seg0044,0,627.52,649.06
daic_433,daic_433_seg0045,8,658.25,668.085
daic_433,daic_433_seg0046,8,674.22,683.45
daic_433,daic_433_seg0048,8,696.925,717.76
daic_433,daic_433_seg0049,8,724.55,734.77
daic_433,daic_433_seg0050,0,742.23,749.775
daic_433,daic_433_seg0051,8,758.96,767.06
daic_434,daic_434_seg0003,1,65.12,69.05
daic_434,daic_434_seg0007,8,86.22,103.78
daic_434,daic_434_seg0012,0,129.29,146.48
daic_434,daic_434_seg0013,8,146.96,165.58
daic_434,daic_434_seg0015,8,179.6,195.52
daic_434,daic_434_seg0017,8,208.16,240.4
daic_434,daic_434_seg0018,5,243.02,267.095
daic_434,daic_434_seg0019,6,269.73,321.59
daic_434,daic_434_seg0020,5,326.84,335.115
daic_434,daic_434_seg0021,8,345.695,369.59
daic_434,daic_434_seg0022,3,381.025,404.82
daic_434,daic_434_seg0023,8,407.25,412.58
daic_434,daic_434_seg0024,0,418.055,472.315
daic_434,daic_434_seg0025,8,480.28,540.28
daic_434,daic_434_seg0027,0,563.875,610.6
daic_434,daic_434_seg0028,8,614.97,674.97
daic_434,daic_434_seg0029,0,688.375,739.33
daic_434,daic_434_seg0030,3,740.725,744.29
daic_434,daic_434_seg0031,0,753.83,784.49
daic_434,daic_434_seg0032,8,790.12,795.5
daic_434,daic_434_seg0033,8,796.68,809.69
daic_434,daic_434_seg0034,4,815.805,827.63
daic_434,daic_434_seg0035,4,833.07,858.4
daic_434,daic_434_seg0036,3,864.9,924.9
daic_434,daic_434_seg0037,8,937.96,997.96
daic_434,daic_434_seg0040,3,1021.29,1025.39
daic_434,daic_434_seg0042,8,1030.92,1034.87
daic_434,daic_434_seg0043,8,1037.42,1076.37
daic_434,daic_434_seg0044,8,1076.97,1080.78
daic_434,daic_434_seg0045,0,1085.42,1145.42
daic_434,daic_434_seg0046,8,1169.16,1200.52
daic_434,daic_434_seg0047,8,1206.5,1266.5
daic_302,daic_302_seg0004,0,84.597,92.467
daic_302,daic_302_seg0008,8,120.647,131.57
daic_302,daic_302_seg0009,5,137.71,141.06
daic_302,daic_302_seg0010,8,146.077,150.912
daic_302,daic_302_seg0011,2,157.883,162.79
daic_302,daic_302_seg0012,8,168.456,184.75
daic_302,daic_302_seg0014,8,196.99,203.522
daic_302,daic_302_seg0016,8,215.884,219.23
daic_302,daic_302_seg0017,8,230.012,235.202
daic_302,daic_302_seg0018,8,242.087,249.601
daic_302,daic_302_seg0022,8,287.49,293.884
daic_302,daic_302_seg0023,8,296.464,301.898
daic_302,daic_302_seg0024,3,312.745,318.694
daic_302,daic_302_seg0025,8,326.694,340.43
daic_302,daic_302_seg0027,8,358.72,369.54
daic_302,daic_302_seg0028,7,379.06,382.87
daic_302,daic_302_seg0029,8,390.62,404.787
daic_302,daic_302_seg0031,8,414.817,419.547
daic_302,daic_302_seg0034,4,450.045,458.046
daic_302,daic_302_seg0037,8,480.869,491.75
daic_302,daic_302_seg0038,8,500.611,510.741
daic_302,daic_302_seg0041,8,535.431,544.38
daic_302,daic_302_seg0042,8,550.14,560.06
daic_302,daic_302_seg0044,0,574.04,585.7
daic_302,daic_302_seg0045,8,596.52,605.38
daic_302,daic_302_seg0046,8,611.21,617.01
daic_302,daic_302_seg0047,8,625.68,643.48
daic_302,daic_302_seg0050,8,674.16,696.14
daic_307,daic_307_seg0002,8,63.338,68.238
daic_307,daic_307_seg0003,8,72.824,84.926
daic_307,daic_307_seg0004,8,90.657,97.477
daic_307,daic_307_seg0005,8,97.891,108.426
daic_307,daic_307_seg0006,8,111.371,115.201
daic_307,daic_307_seg0007,8,117.952,127.656
daic_307,daic_307_seg0009,8,137.445,151.071
daic_307,daic_307_seg0010,8,152.241,167.775
daic_307,daic_307_seg0012,0,181.018,203.775
daic_307,daic_307_seg0013,8,205.499,209.078
daic_307,daic_307_seg0015,8,216.436,229.652
daic_307,daic_307_seg0019,8,243.179,261.124
daic_307,daic_307_seg0021,0,267.424,287.543
daic_307,daic_307_seg0022,2,291.916,309.083
daic_307,daic_307_seg0024,8,312.858,315.858
daic_307,daic_307_seg0026,0,324.024,363.558
daic_307,daic_307_seg0027,8,370.68,401.69
daic_307,daic_307_seg0028,8,406.385,409.485
daic_307,daic_307_seg0029,8,412.361,423.0
daic_307,daic_307_seg0030,5,428.864,488.864
daic_307,daic_307_seg0031,8,492.49,505.271
daic_307,daic_307_seg0032,8,508.991,520.246
daic_307,daic_307_seg0033,8,521.057,534.32
daic_307,daic_307_seg0034,8,535.175,542.424
daic_307,daic_307_seg0035,8,545.626,566.55
daic_307,daic_307_seg0036,8,572.729,601.059
daic_307,daic_307_seg0037,8,601.477,655.94
daic_307,daic_307_seg0039,4,665.498,674.689
daic_307,daic_307_seg0040,4,678.375,688.813
daic_307,daic_307_seg0041,8,691.875,702.7
daic_307,daic_307_seg0042,8,709.758,730.384
daic_307,daic_307_seg0043,5,733.861,749.684
daic_307,daic_307_seg0044,8,749.98,774.782
daic_307,daic_307_seg0045,8,776.759,805.167
daic_307,daic_307_seg0046,3,810.629,817.036
daic_307,daic_307_seg0047,8,818.194,852.068
daic_307,daic_307_seg0049,7,859.168,870.159
daic_307,daic_307_seg0052,8,885.505,912.143
daic_307,daic_307_seg0053,8,912.839,965.411
daic_307,daic_307_seg0054,8,972.545,998.06
daic_307,daic_307_seg0055,8,1006.843,1034.491
daic_307,daic_307_seg0056,8,1035.378,1055.06
daic_307,daic_307_seg0057,8,1055.554,1093.448
daic_307,daic_307_seg0058,8,1093.691,1106.951
daic_307,daic_307_seg0060,8,1118.079,1128.06
daic_307,daic_307_seg0061,8,1130.083,1153.349
daic_307,daic_307_seg0062,3,1163.838,1194.522
daic_331,daic_331_seg0004,8,73.92,81.83
daic_331,daic_331_seg0006,8,93.02,100.48
daic_331,daic_331_seg0008,8,107.57,117.11
daic_331,daic_331_seg0009,0,121.71,130.82
daic_331,daic_331_seg0010,0,135.08,143.2
daic_331,daic_331_seg0011,8,151.54,168.34
daic_331,daic_331_seg0013,0,188.34,200.01
daic_331,daic_331_seg0014,0,207.1,219.24
daic_331,daic_331_seg0015,8,226.32,232.03
daic_331,daic_331_seg0018,8,255.15,267.04
daic_331,daic_331_seg0019,8,268.7,278.62
daic_331,daic_331_seg0022,8,293.09,301.86
daic_331,daic_331_seg0023,2,310.03,317.08
daic_331,daic_331_seg0024,8,318.0,323.23
daic_331,daic_331_seg0025,8,332.57,343.21
daic_331,daic_331_seg0026,8,351.51,361.74
daic_331,daic_331_seg0027,8,372.94,383.77
daic_331,daic_331_seg0031,8,402.5,421.8
daic_331,daic_331_seg0033,3,429.35,438.85
daic_331,daic_331_seg0034,8,440.09,444.76
daic_331,daic_331_seg0036,8,455.15,467.71
daic_331,daic_331_seg0037,8,468.1,472.85
daic_331,daic_331_seg0038,8,473.84,488.08
daic_331,daic_331_seg0039,7,494.6,518.85
daic_331,daic_331_seg0041,8,530.18,545.53
daic_331,daic_331_seg0042,7,555.25,568.3
daic_331,daic_331_seg0043,8,569.32,577.87
daic_331,daic_331_seg0044,7,584.81,605.87
daic_331,daic_331_seg0045,8,609.18,620.28
daic_331,daic_331_seg0046,8,621.49,628.84
daic_331,daic_331_seg0047,0,640.08,645.11
daic_331,daic_331_seg0048,3,653.18,659.47
daic_331,daic_331_seg0050,8,670.51,701.12
daic_331,daic_331_seg0051,8,703.09,713.41
daic_331,daic_331_seg0053,0,723.79,740.15
daic_331,daic_331_seg0054,8,741.43,751.37
daic_331,daic_331_seg0055,8,759.01,784.47
daic_331,daic_331_seg0056,0,793.01,807.23
daic_346,daic_346_seg0003,0,65.25,71.32
daic_346,daic_346_seg0004,0,76.04,84.07
daic_346,daic_346_seg0006,8,93.29,97.5
daic_346,daic_346_seg0007,8,101.26,130.16
daic_346,daic_346_seg0009,8,136.1,139.71
daic_346,daic_346_seg0010,8,141.95,147.21
daic_346,daic_346_seg0011,8,147.98,163.2
daic_346,daic_346_seg0012,8,168.2,180.86
daic_346,daic_346_seg0013,5,185.58,197.81
daic_346,daic_346_seg0016,8,209.35,228.55
daic_346,daic_346_seg0017,3,232.34,243.44
daic_346,daic_346_seg0018,8,250.53,275.31
daic_346,daic_346_seg0019,2,279.63,296.83
daic_346,daic_346_seg0020,8,302.06,326.7
daic_346,daic_346_seg0021,4,332.1,353.18
daic_346,daic_346_seg0022,0,356.63,387.49
daic_346,daic_346_seg0023,8,387.94,393.15
daic_346,daic_346_seg0024,4,397.95,424.47
daic_346,daic_346_seg0025,8,427.88,457.45
daic_346,daic_346_seg0026,8,460.64,488.6
daic_346,daic_346_seg0028,7,496.91,508.15
daic_346,daic_346_seg0029,8,512.08,526.93
daic_346,daic_346_seg0030,8,527.64,556.37
daic_346,daic_346_seg0033,8,566.55,577.4
daic_346,daic_346_seg0034,8,577.9,585.37
daic_346,daic_346_seg0035,8,586.32,591.1
daic_346,daic_346_seg0037,3,597.21,610.39
daic_346,daic_346_seg0038,3,617.66,640.31
daic_346,daic_346_seg0039,8,642.02,676.85
daic_346,daic_346_seg0041,8,684.17,708.66
daic_346,daic_346_seg0042,8,709.68,725.72
daic_346,daic_346_seg0043,8,726.94,746.08
daic_346,daic_346_seg0045,0,751.95,769.11
daic_346,daic_346_seg0046,8,777.22,809.61
daic_346,daic_346_seg0048,8,810.89,817.88
daic_346,daic_346_seg0050,0,824.82,865.07
daic_346,daic_346_seg0051,8,867.69,884.86
daic_346,daic_346_seg0052,8,890.61,910.86
daic_346,daic_346_seg0053,0,915.78,945.23
daic_346,daic_346_seg0054,8,950.34,1009.98
daic_346,daic_346_seg0055,8,1016.7,1061.33
daic_346,daic_346_seg0056,8,1066.66,1080.1
daic_346,daic_346_seg0057,8,1081.41,1098.16
daic_346,daic_346_seg0059,8,1106.01,1152.61
daic_346,daic_346_seg0061,0,1159.94,1190.55
daic_300,daic_300_seg0002,8,75.028,78.128
daic_300,daic_300_seg0004,0,88.458,97.278
daic_300,daic_300_seg0005,8,102.428,108.798
daic_300,daic_300_seg0008,5,128.488,132.628
daic_300,daic_300_seg0009,8,136.748,144.548
daic_300,daic_300_seg0012,8,165.608,172.978
daic_300,daic_300_seg0016,8,203.318,208.658
daic_300,daic_300_seg0017,0,217.728,221.058
daic_300,daic_300_seg0019,8,227.998,232.368
daic_300,daic_300_seg0021,8,244.748,252.298
daic_300,daic_300_seg0024,0,279.618,288.078
daic_300,daic_300_seg0026,8,305.218,312.208
daic_300,daic_300_seg0028,0,325.738,333.468
daic_300,daic_300_seg0029,8,336.988,346.068
daic_300,daic_300_seg0032,8,372.098,375.488
daic_300,daic_300_seg0033,8,386.728,402.878
daic_300,daic_300_seg0040,4,453.188,458.258
daic_300,daic_300_seg0048,8,525.478,531.008
daic_300,daic_300_seg0051,8,568.678,573.568
daic_300,daic_300_seg0054,8,598.238,601.378
daic_301,daic_301_seg0008,8,85.398,89.468
daic_301,daic_301_seg0009,0,95.388,107.748
daic_301,daic_301_seg0011,8,116.188,122.918
daic_301,daic_301_seg0012,8,126.698,135.338
daic_301,daic_301_seg0013,5,142.168,145.518
daic_301,daic_301_seg0014,8,146.708,154.488
daic_301,daic_301_seg0015,5,161.458,181.178
daic_301,daic_301_seg0016,8,185.978,206.318
daic_301,daic_301_seg0018,8,213.688,222.118
daic_301,daic_301_seg0020,3,227.338,236.968
daic_301,daic_301_seg0022,0,257.418,278.598
daic_301,daic_301_seg0023,8,283.018,312.268
daic_301,daic_301_seg0024,8,317.728,334.408
daic_301,daic_301_seg0027,8,349.438,373.528
daic_301,daic_301_seg0028,8,381.198,402.478
daic_301,daic_301_seg0029,8,403.148,416.708
daic_301,daic_301_seg0030,8,420.078,443.208
daic_301,daic_301_seg0031,0,451.948,455.628
daic_301,daic_301_seg0032,8,457.888,469.728
daic_301,daic_301_seg0033,8,473.298,495.248
daic_301,daic_301_seg0037,0,518.208,559.818
daic_301,daic_301_seg0039,8,565.218,598.648
daic_301,daic_301_seg0040,8,602.078,631.878
daic_301,daic_301_seg0041,8,642.398,690.498
daic_301,daic_301_seg0042,8,691.628,700.358
daic_301,daic_301_seg0044,3,714.098,753.888
daic_301,daic_301_seg0045,8,760.978,790.018
daic_306,daic_306_seg0003,8,68.113,72.123
daic_306,daic_306_seg0005,8,82.013,87.223
daic_306,daic_306_seg0007,0,98.723,111.683
daic_306,daic_306_seg0008,8,117.153,135.583
daic_306,daic_306_seg0009,8,139.263,150.073
daic_306,daic_306_seg0010,5,155.773,159.113
daic_306,daic_306_seg0011,8,161.363,172.273
daic_306,daic_306_seg0012,2,177.663,185.093
daic_306,daic_306_seg0013,0,192.093,200.373
daic_306,daic_306_seg0014,0,205.633,212.373
daic_306,daic_306_seg0016,8,219.373,233.143
daic_306,daic_306_seg0017,8,236.373,242.933
daic_306,daic_306_seg0018,8,243.123,247.693
daic_306,daic_306_seg0019,0,253.323,260.743
daic_306,daic_306_seg0020,8,261.193,265.383
daic_306,daic_306_seg0022,2,279.613,290.403
daic_306,daic_306_seg0023,8,295.053,305.473
daic_306,daic_306_seg0024,0,308.813,316.033
daic_306,daic_306_seg0025,8,321.723,341.183
daic_306,daic_306_seg0026,0,348.433,378.383
daic_306,daic_306_seg0027,4,385.013,390.243
daic_306,daic_306_seg0028,8,392.373,398.823
daic_306,daic_306_seg0030,8,406.723,420.293
daic_306,daic_306_seg0031,4,424.243,429.063
daic_306,daic_306_seg0033,3,435.823,446.923
daic_306,daic_306_seg0035,7,456.673,487.503
daic_306,daic_306_seg0036,8,493.813,522.673
daic_306,daic_306_seg0037,8,523.023,533.023
daic_306,daic_306_seg0039,8,535.783,553.553
daic_306,daic_306_seg0040,8,558.563,574.683
daic_306,daic_306_seg0042,7,583.813,598.383
daic_306,daic_306_seg0043,0,602.403,621.303
daic_306,daic_306_seg0044,8,628.083,649.933
daic_306,daic_306_seg0045,8,655.923,671.183
daic_306,daic_306_seg0046,8,675.583,690.093
daic_306,daic_306_seg0047,3,699.953,719.983
daic_306,daic_306_seg0048,8,724.543,730.863
daic_306,daic_306_seg0049,8,734.393,745.943
daic_306,daic_306_seg0050,8,747.103,761.983
daic_306,daic_306_seg0052,8,770.703,779.313
daic_306,daic_306_seg0053,0,786.343,803.193
daic_306,daic_306_seg0054,8,810.813,816.363
daic_309,daic_309_seg0000,8,67.623,70.843
daic_309,daic_309_seg0005,8,91.595,96.245
daic_309,daic_309_seg0006,5,101.155,104.66
daic_309,daic_309_seg0008,0,118.07,126.618
daic_309,daic_309_seg0014,8,171.92,181.552
daic_309,daic_309_seg0022,8,231.225,241.128
daic_309,daic_309_seg0023,8,252.507,262.786
daic_309,daic_309_seg0026,8,283.91,302.217
daic_309,daic_309_seg0028,7,312.054,322.138
daic_309,daic_309_seg0029,8,329.071,333.731
daic_309,daic_309_seg0031,8,348.497,361.515
daic_309,daic_309_seg0033,8,392.1,403.016
daic_309,daic_309_seg0034,0,410.524,413.964
daic_309,daic_309_seg0036,8,427.614,432.348
daic_309,daic_309_seg0037,8,434.267,450.054
daic_309,daic_309_seg0038,8,450.729,456.356
daic_309,daic_309_seg0041,8,478.966,501.853
daic_309,daic_309_seg0042,8,505.502,510.215
daic_309,daic_309_seg0043,8,511.699,516.46
daic_309,daic_309_seg0044,8,526.447,542.404
daic_309,daic_309_seg0045,0,548.706,552.066
daic_309,daic_309_seg0048,8,601.115,606.022
daic_309,daic_309_seg0051,8,633.938,639.108
daic_311,daic_311_seg0002,8,71.115,74.685
daic_311,daic_311_seg0004,1,84.595,88.08
daic_311,daic_311_seg0008,0,116.62,130.83
daic_311,daic_311_seg0009,0,137.735,145.575
daic_311,daic_311_seg0011,8,153.8,159.76
daic_311,daic_311_seg0013,8,171.955,179.465
daic_311,daic_311_seg0014,5,183.51,192.255
daic_311,daic_311_seg0019,8,229.092,237.387
daic_311,daic_311_seg0020,8,242.282,249.777
daic_311,daic_311_seg0021,8,258.015,262.485
daic_311,daic_311_seg0024,8,287.355,291.14
daic_311,daic_311_seg0028,8,320.465,327.545
daic_311,daic_311_seg0030,0,336.45,345.265
daic_311,daic_311_seg0031,7,358.655,361.795
daic_311,daic_311_seg0034,8,380.03,390.07
daic_311,daic_311_seg0035,8,396.31,402.565
daic_311,daic_311_seg0036,7,413.49,417.475
daic_311,daic_311_seg0037,8,419.1,423.23
daic_311,daic_311_seg0038,8,432.905,440.15
daic_311,daic_311_seg0039,8,444.31,454.815
daic_311,daic_311_seg0040,0,463.365,468.74
daic_311,daic_311_seg0044,0,503.6,517.32
daic_311,daic_311_seg0046,0,536.29,543.425
daic_311,daic_311_seg0050,8,574.67,579.53
daic_311,daic_311_seg0051,8,584.345,590.46
daic_311,daic_311_seg0052,0,595.665,601.15
daic_311,daic_311_seg0056,8,628.387,634.852
daic_311,daic_311_seg0058,2,645.877,649.277
daic_311,daic_311_seg0059,0,654.377,667.777
daic_311,daic_311_seg0060,0,673.442,679.517
daic_311,daic_311_seg0061,8,683.467,694.607
daic_311,daic_311_seg0062,8,700.882,707.627
daic_311,daic_311_seg0063,8,710.742,721.672
daic_311,daic_311_seg0064,8,737.427,742.197
daic_314,daic_314_seg0003,8,72.95,79.525
daic_314,daic_314_seg0004,8,84.26,92.655
daic_314,daic_314_seg0007,8,101.91,111.665
daic_314,daic_314_seg0008,8,115.34,154.332
daic_314,daic_314_seg0009,8,161.642,184.31
daic_314,daic_314_seg0011,8,194.585,215.325
daic_314,daic_314_seg0012,8,220.9,248.015
daic_314,daic_314_seg0013,0,254.8,295.925
daic_314,daic_314_seg0014,0,301.98,354.03
daic_314,daic_314_seg0015,0,359.135,396.63
daic_314,daic_314_seg0018,0,413.34,445.94
daic_314,daic_314_seg0019,0,453.18,493.25
daic_314,daic_314_seg0020,8,499.475,530.055
daic_314,daic_314_seg0022,0,537.985,590.465
daic_314,daic_314_seg0023,8,599.12,650.73
daic_314,daic_314_seg0027,7,668.13,685.03
daic_314,daic_314_seg0028,8,685.645,697.565
daic_314,daic_314_seg0030,0,701.41,713.52
daic_314,daic_314_seg0032,3,718.62,762.02
daic_314,daic_314_seg0033,4,768.805,782.01
daic_314,daic_314_seg0035,8,785.14,805.395
daic_314,daic_314_seg0037,4,811.845,834.392
daic_314,daic_314_seg0038,8,835.172,841.707
daic_314,daic_314_seg0039,8,851.652,859.402
daic_314,daic_314_seg0041,7,862.377,866.307
daic_314,daic_314_seg0042,8,868.212,928.212
daic_314,daic_314_seg0043,8,939.46,949.195
daic_314,daic_314_seg0044,3,959.39,975.325
daic_314,daic_314_seg0045,8,976.457,992.785
daic_314,daic_314_seg0046,8,993.925,1010.77
daic_314,daic_314_seg0047,0,1017.485,1073.502
daic_314,daic_314_seg0048,5,1078.102,1086.037
daic_314,daic_314_seg0049,8,1086.922,1125.57
daic_314,daic_314_seg0050,8,1128.325,1164.69
daic_314,daic_314_seg0051,8,1165.47,1190.96
daic_314,daic_314_seg0052,8,1192.86,1236.287
daic_314,daic_314_seg0053,8,1236.797,1242.242
daic_314,daic_314_seg0054,8,1242.537,1251.842
daic_314,daic_314_seg0055,8,1255.89,1261.675
daic_314,daic_314_seg0056,8,1263.795,1268.73
daic_314,daic_314_seg0057,8,1272.555,1295.495
daic_314,daic_314_seg0058,8,1297.19,1308.182
daic_314,daic_314_seg0059,0,1315.157,1327.397
daic_314,daic_314_seg0060,8,1328.092,1346.977
daic_314,daic_314_seg0061,8,1347.352,1357.597
daic_314,daic_314_seg0063,8,1366.802,1422.404
daic_314,daic_314_seg0064,8,1426.824,1462.314
daic_314,daic_314_seg0065,8,1468.664,1510.879
daic_329,daic_329_seg0003,8,62.2,68.31
daic_329,daic_329_seg0005,8,78.78,85.29
daic_329,daic_329_seg0009,8,107.554,118.218
daic_329,daic_329_seg0010,0,126.009,134.5
daic_329,daic_329_seg0013,8,151.272,154.872
daic_329,daic_329_seg0017,8,184.026,206.39
daic_329,daic_329_seg0019,0,218.063,239.953
daic_329,daic_329_seg0020,8,244.62,257.601
daic_329,daic_329_seg0022,8,269.84,287.94
daic_329,daic_329_seg0023,8,291.79,300.01
daic_329,daic_329_seg0025,0,310.85,316.51
daic_329,daic_329_seg0026,8,325.78,331.02
daic_329,daic_329_seg0028,8,339.95,356.75
daic_329,daic_329_seg0029,8,360.39,405.47
daic_329,daic_329_seg0030,8,411.96,422.7
daic_329,daic_329_seg0032,8,433.34,440.68
daic_329,daic_329_seg0036,4,459.01,476.96
daic_329,daic_329_seg0037,4,480.74,488.72
daic_329,daic_329_seg0039,8,508.42,526.86
daic_329,daic_329_seg0040,8,536.56,569.31
daic_329,daic_329_seg0041,2,574.99,591.57
daic_329,daic_329_seg0042,0,599.71,604.99
daic_329,daic_329_seg0043,8,611.64,621.32
daic_329,daic_329_seg0044,3,628.6,640.21
daic_329,daic_329_seg0045,8,644.43,656.08
daic_329,daic_329_seg0046,8,659.15,665.69
daic_332,daic_332_seg0004,0,130.97,137.48
daic_332,daic_332_seg0005,0,142.35,146.34
daic_332,daic_332_seg0010,8,167.2,174.19
daic_332,daic_332_seg0013,5,184.38,197.81
daic_332,daic_332_seg0014,2,203.31,208.43
daic_332,daic_332_seg0019,8,234.41,238.33
daic_332,daic_332_seg0020,0,246.12,259.12
daic_332,daic_332_seg0021,8,268.79,283.7
daic_332,daic_332_seg0022,8,292.08,303.29
daic_332,daic_332_seg0023,8,307.03,320.53
daic_332,daic_332_seg0025,8,326.1,338.5
daic_332,daic_332_seg0026,8,339.19,347.82
daic_332,daic_332_seg0028,3,355.47,363.03
daic_332,daic_332_seg0029,3,378.3,385.17
daic_332,daic_332_seg0030,8,392.09,399.9
daic_332,daic_332_seg0034,7,415.29,420.03
daic_332,daic_332_seg0036,8,429.13,434.21
daic_332,daic_332_seg0037,8,438.58,454.65
daic_332,daic_332_seg0040,7,472.16,476.74
daic_332,daic_332_seg0041,8,481.82,498.41
daic_332,daic_332_seg0042,3,504.66,508.46
daic_332,daic_332_seg0044,0,515.32,518.52
daic_332,daic_332_seg0046,8,527.62,538.53
daic_332,daic_332_seg0047,8,545.32,549.5
daic_332,daic_332_seg0049,0,560.36,564.21
daic_332,daic_332_seg0051,8,575.03,596.6
daic_332,daic_332_seg0052,8,599.2,612.18
daic_332,daic_332_seg0053,8,613.23,622.05
daic_332,daic_332_seg0054,8,623.43,632.36
daic_332,daic_332_seg0055,8,634.23,640.27
daic_332,daic_332_seg0057,8,646.15,649.5
daic_332,daic_332_seg0060,8,658.58,662.62
daic_332,daic_332_seg0063,8,672.5,681.71
daic_332,daic_332_seg0064,0,689.37,709.29
daic_332,daic_332_seg0066,8,720.58,741.89
daic_332,daic_332_seg0068,8,755.54,766.55
daic_332,daic_332_seg0070,0,778.21,814.85
daic_332,daic_332_seg0071,8,815.37,822.69
daic_332,daic_332_seg0073,8,831.24,835.07
daic_337,daic_337_seg0002,1,68.97,73.54
daic_337,daic_337_seg0003,0,78.79,89.7
daic_337,daic_337_seg0004,8,90.5,99.66
daic_337,daic_337_seg0005,0,106.76,116.47
daic_337,daic_337_seg0006,5,123.39,129.57
daic_337,daic_337_seg0008,8,136.5,162.41
daic_337,daic_337_seg0009,8,163.95,176.78
daic_337,daic_337_seg0010,8,177.5,189.76
daic_337,daic_337_seg0011,8,197.18,219.11
daic_337,daic_337_seg0012,2,224.95,230.52
daic_337,daic_337_seg0013,8,231.43,249.24
daic_337,daic_337_seg0015,8,259.41,291.38
daic_337,daic_337_seg0016,8,292.3,297.55
daic_337,daic_337_seg0017,8,302.21,323.04
daic_337,daic_337_seg0018,8,327.27,347.58
daic_337,daic_337_seg0021,8,357.94,412.37
daic_337,daic_337_seg0022,8,413.16,434.98
daic_337,daic_337_seg0024,8,443.94,485.59
daic_337,daic_337_seg0026,0,492.88,517.75
daic_337,daic_337_seg0027,8,518.6,533.05
daic_337,daic_337_seg0028,8,538.97,571.44
daic_337,daic_337_seg0029,8,572.89,604.01
daic_337,daic_337_seg0030,8,604.98,619.86
daic_337,daic_337_seg0031,8,626.71,637.41
daic_337,daic_337_seg0032,8,639.07,670.92
daic_337,daic_337_seg0033,8,672.08,689.47
daic_337,daic_337_seg0034,8,690.45,750.45
daic_337,daic_337_seg0035,8,751.83,781.18
daic_337,daic_337_seg0036,8,782.48,803.05
daic_337,daic_337_seg0037,8,807.28,824.69
daic_337,daic_337_seg0038,8,831.04,862.89
daic_337,daic_337_seg0039,8,863.74,877.4
daic_337,daic_337_seg0040,0,886.04,905.71
daic_337,daic_337_seg0041,8,906.66,957.57
daic_337,daic_337_seg0042,8,958.52,993.48
daic_337,daic_337_seg0043,0,998.7,1058.26
daic_337,daic_337_seg0044,8,1058.71,1070.92
daic_337,daic_337_seg0045,8,1072.24,1077.78
daic_337,daic_337_seg0046,8,1085.26,1128.92
daic_337,daic_337_seg0047,8,1129.89,1156.54
daic_337,daic_337_seg0051,7,1169.12,1192.13
daic_337,daic_337_seg0052,8,1194.1,1254.1
daic_337,daic_337_seg0053,8,1261.36,1319.29
daic_337,daic_337_seg0054,8,1320.52,1336.65
daic_337,daic_337_seg0055,8,1337.56,1377.28
daic_337,daic_337_seg0056,8,1378.03,1406.03
daic_337,daic_337_seg0057,8,1406.65,1421.88
daic_337,daic_337_seg0058,8,1425.0,1454.18
daic_337,daic_337_seg0059,8,1455.38,1485.5
daic_337,daic_337_seg0060,3,1490.94,1550.94
daic_337,daic_337_seg0061,8,1554.34,1574.15
daic_337,daic_337_seg0062,8,1575.13,1602.11
daic_337,daic_337_seg0063,3,1609.02,1652.78
daic_337,daic_337_seg0064,8,1663.93,1688.12
daic_337,daic_337_seg0065,8,1691.83,1715.72
daic_337,daic_337_seg0066,8,1723.6,1759.27
daic_337,daic_337_seg0067,8,1759.71,1783.98
daic_337,daic_337_seg0068,8,1784.46,1793.28
daic_337,daic_337_seg0069,8,1794.6,1824.21
daic_337,daic_337_seg0070,8,1825.11,1831.98
daic_337,daic_337_seg0071,0,1837.33,1840.46
daic_349,daic_349_seg0004,8,90.83,94.69
daic_349,daic_349_seg0005,8,100.96,110.17
daic_349,daic_349_seg0006,0,118.55,135.35
daic_349,daic_349_seg0007,0,140.73,161.04
daic_349,daic_349_seg0010,8,170.46,174.75
daic_349,daic_349_seg0011,8,180.07,186.88
daic_349,daic_349_seg0014,8,196.86,216.81
daic_349,daic_349_seg0017,8,234.55,249.46
daic_349,daic_349_seg0019,0,257.55,265.67
daic_349,daic_349_seg0020,8,273.24,291.32
daic_349,daic_349_seg0021,8,301.15,320.13
daic_349,daic_349_seg0023,8,340.43,379.98
daic_349,daic_349_seg0024,0,390.04,409.18
daic_349,daic_349_seg0025,8,418.87,446.98
daic_349,daic_349_seg0029,7,465.1,473.82
daic_349,daic_349_seg0030,8,479.15,491.41
daic_349,daic_349_seg0033,8,503.21,554.65
daic_349,daic_349_seg0035,0,566.04,582.14
daic_349,daic_349_seg0037,7,594.71,608.62
daic_349,daic_349_seg0038,8,610.24,615.05
daic_349,daic_349_seg0040,3,625.16,635.28
daic_349,daic_349_seg0042,4,651.51,661.01
daic_349,daic_349_seg0043,4,666.86,678.19
daic_349,daic_349_seg0045,8,692.97,728.65
daic_349,daic_349_seg0046,8,739.32,771.28
daic_349,daic_349_seg0047,5,774.85,778.25
daic_349,daic_349_seg0049,5,784.1,802.9
daic_349,daic_349_seg0050,8,808.84,834.13
daic_349,daic_349_seg0052,5,845.35,869.11
daic_349,daic_349_seg0053,8,876.84,882.72
daic_349,daic_349_seg0054,0,890.28,923.95
daic_349,daic_349_seg0056,8,940.4,999.7
daic_349,daic_349_seg0057,8,1010.06,1036.08
daic_349,daic_349_seg0058,8,1040.25,1060.21
daic_349,daic_349_seg0060,8,1080.21,1101.82
daic_349,daic_349_seg0061,0,1117.01,1134.71
daic_349,daic_349_seg0062,0,1142.25,1167.53
daic_354,daic_354_seg0007,5,82.79,87.33
daic_354,daic_354_seg0008,8,92.262,97.47
daic_354,daic_354_seg0009,5,103.47,107.95
daic_354,daic_354_seg0017,8,158.535,163.08
daic_354,daic_354_seg0020,0,179.372,183.04
daic_354,daic_354_seg0021,8,190.37,194.91
daic_354,daic_354_seg0022,8,202.536,206.16
daic_354,daic_354_seg0024,8,220.61,226.37
daic_354,daic_354_seg0033,8,277.75,289.78
daic_354,daic_354_seg0035,4,296.84,304.05
daic_354,daic_354_seg0036,3,309.69,314.07
daic_354,daic_354_seg0037,8,318.6,322.8
daic_354,daic_354_seg0039,8,333.317,337.59
daic_354,daic_354_seg0041,8,354.39,363.96
daic_354,daic_354_seg0042,0,376.827,382.03
daic_354,daic_354_seg0044,8,405.58,408.91
daic_354,daic_354_seg0048,2,433.93,440.63
daic_354,daic_354_seg0051,8,459.93,473.13
daic_354,daic_354_seg0053,8,479.072,483.9
daic_354,daic_354_seg0055,8,499.553,506.3
daic_354,daic_354_seg0058,8,524.21,534.56
daic_431,daic_431_seg0004,8,79.89,83.37
daic_431,daic_431_seg0006,8,93.885,98.1
daic_431,daic_431_seg0007,8,101.7,106.34
daic_431,daic_431_seg0008,8,113.0,116.99
daic_431,daic_431_seg0009,0,122.46,135.28
daic_431,daic_431_seg0011,8,151.855,155.715
daic_431,daic_431_seg0012,8,158.89,165.95
daic_431,daic_431_seg0013,8,171.17,188.675
daic_431,daic_431_seg0014,8,194.46,210.7
daic_431,daic_431_seg0015,5,215.94,224.03
daic_431,daic_431_seg0017,5,230.94,245.59
daic_431,daic_431_seg0019,8,258.09,262.44
daic_431,daic_431_seg0020,3,274.13,278.785
daic_431,daic_431_seg0023,6,297.49,305.275
daic_431,daic_431_seg0024,8,305.597,309.19
daic_431,daic_431_seg0026,0,324.68,329.41
daic_431,daic_431_seg0028,8,341.85,351.6
daic_431,daic_431_seg0029,8,358.21,373.7
daic_431,daic_431_seg0030,8,376.44,381.66
daic_431,daic_431_seg0033,0,399.99,411.57
daic_431,daic_431_seg0035,8,417.94,431.14
daic_431,daic_431_seg0036,8,433.86,452.38
daic_431,daic_431_seg0039,3,469.19,476.19
daic_431,daic_431_seg0043,3,494.47,514.255
daic_431,daic_431_seg0044,0,521.93,539.83
daic_431,daic_431_seg0045,8,546.17,555.19
daic_431,daic_431_seg0046,8,558.46,561.96
daic_431,daic_431_seg0047,0,567.84,572.64
daic_431,daic_431_seg0048,8,581.97,588.09
daic_431,daic_431_seg0049,8,597.01,606.85
daic_431,daic_431_seg0050,0,608.98,613.42
daic_431,daic_431_seg0052,8,623.78,635.64
daic_431,daic_431_seg0053,2,640.8,650.75
daic_431,daic_431_seg0054,8,655.41,670.01
daic_431,daic_431_seg0055,0,674.43,704.14
daic_431,daic_431_seg0056,0,710.11,735.86
daic_431,daic_431_seg0057,8,739.16,757.17
daic_431,daic_431_seg0058,2,765.13,779.565
daic_431,daic_431_seg0059,8,786.9,799.92
daic_432,daic_432_seg0005,8,80.14,84.07
daic_432,daic_432_seg0011,0,117.35,121.95
daic_432,daic_432_seg0013,0,134.18,139.195
daic_432,daic_432_seg0016,8,156.395,165.89
daic_432,daic_432_seg0017,8,167.235,175.66
daic_432,daic_432_seg0019,8,178.2,184.2
daic_432,daic_432_seg0021,8,192.89,205.93
daic_432,daic_432_seg0023,8,211.855,215.135
daic_432,daic_432_seg0028,6,239.175,253.722
daic_432,daic_432_seg0029,8,264.29,290.125
daic_432,daic_432_seg0030,8,294.89,302.815
daic_432,daic_432_seg0031,8,307.965,348.157
daic_432,daic_432_seg0033,3,354.597,372.112
daic_432,daic_432_seg0035,6,380.73,397.527
daic_432,daic_432_seg0037,0,405.175,408.775
daic_432,daic_432_seg0039,8,426.671,441.158
daic_432,daic_432_seg0040,8,444.404,450.134
daic_432,daic_432_seg0042,8,463.696,488.174
daic_432,daic_432_seg0044,0,494.959,505.287
daic_432,daic_432_seg0045,8,507.731,516.589
daic_432,daic_432_seg0047,4,524.296,538.726
daic_432,daic_432_seg0048,4,545.319,562.154
daic_432,daic_432_seg0050,8,574.374,578.758
daic_432,daic_432_seg0051,8,583.71,595.178
daic_432,daic_432_seg0055,0,618.201,623.45
daic_432,daic_432_seg0057,8,628.865,655.443
daic_432,daic_432_seg0058,8,662.936,666.696
daic_432,daic_432_seg0059,8,673.421,692.75
daic_432,daic_432_seg0060,0,701.399,710.36
daic_432,daic_432_seg0061,8,720.329,770.414
daic_432,daic_432_seg0063,8,777.38,792.55
daic_432,daic_432_seg0065,0,799.1,814.435
daic_432,daic_432_seg0066,8,823.905,840.345
daic_432,daic_432_seg0067,8,848.925,893.88
daic_432,daic_432_seg0068,0,897.4,901.15
